"Patient_ID","allele","HLA","Variant.Epitope","Protein"
1292,"A.allele.1","A*29",NA,NA
1408,"A.allele.1","A*01",NA,NA
1756,"A.allele.1","A*03","KIRLRPGGQ","Gag"
1756,"A.allele.1","A*03","KIRLRPGGR","Gag"
1756,"A.allele.1","A*03","RIRLRPGGK","Gag"
1756,"A.allele.1","A*03","RIRLRPGGR","Gag"
1756,"A.allele.1","A*03","RLRPGGKKC","Gag"
1756,"A.allele.1","A*03","RLRPGGKKQ","Gag"
1756,"A.allele.1","A*03","RLRPGGKKR","Gag"
1756,"A.allele.1","A*03","RLRPGGKQK","Gag"
1756,"A.allele.1","A*03","RLRPGGRKT","Gag"
1756,"A.allele.1","A*03","ALDISHFLK","Nef"
1756,"A.allele.1","A*03","ALDLSHFLK","Nef"
1756,"A.allele.1","A*03","ALDLSHFLR","Nef"
1756,"A.allele.1","A*03","ALDMSHFLK","Nef"
1756,"A.allele.1","A*03","ALNLSHFLK","Nef"
1756,"A.allele.1","A*03","QVPLRPMSYR","Nef"
1756,"A.allele.1","A*03","QVPLRPMTRR","Nef"
1756,"A.allele.1","A*03","QVPVRPMTFK","Nef"
1756,"A.allele.1","A*03","AIFLSSMTK","Pol"
1756,"A.allele.1","A*03","AIFQSSMLK","Pol"
1756,"A.allele.1","A*03","AIFQSSMTK","Pol"
1756,"A.allele.1","A*03","AIFQSSMTR","Pol"
1756,"A.allele.1","A*03","AIFQSSMTT","Pol"
1756,"A.allele.1","A*03","AVFVHNFKRK","Pol"
1756,"A.allele.1","A*03","KVVDFRELNK","Pol"
1756,"A.allele.1","A*03","TISQSSMTK","Pol"
2208,"A.allele.1","A*01",NA,NA
2241,"A.allele.1","A*03","KIRLRPGGQ","Gag"
2241,"A.allele.1","A*03","KIRLRPGGR","Gag"
2241,"A.allele.1","A*03","RIRLRPGGK","Gag"
2241,"A.allele.1","A*03","RIRLRPGGR","Gag"
2241,"A.allele.1","A*03","RLRPGGKKC","Gag"
2241,"A.allele.1","A*03","RLRPGGKKQ","Gag"
2241,"A.allele.1","A*03","RLRPGGKKR","Gag"
2241,"A.allele.1","A*03","RLRPGGKQK","Gag"
2241,"A.allele.1","A*03","RLRPGGRKT","Gag"
2241,"A.allele.1","A*03","ALDISHFLK","Nef"
2241,"A.allele.1","A*03","ALDLSHFLK","Nef"
2241,"A.allele.1","A*03","ALDLSHFLR","Nef"
2241,"A.allele.1","A*03","ALDMSHFLK","Nef"
2241,"A.allele.1","A*03","ALNLSHFLK","Nef"
2241,"A.allele.1","A*03","QVPLRPMSYR","Nef"
2241,"A.allele.1","A*03","QVPLRPMTRR","Nef"
2241,"A.allele.1","A*03","QVPVRPMTFK","Nef"
2241,"A.allele.1","A*03","AIFLSSMTK","Pol"
2241,"A.allele.1","A*03","AIFQSSMLK","Pol"
2241,"A.allele.1","A*03","AIFQSSMTK","Pol"
2241,"A.allele.1","A*03","AIFQSSMTR","Pol"
2241,"A.allele.1","A*03","AIFQSSMTT","Pol"
2241,"A.allele.1","A*03","AVFVHNFKRK","Pol"
2241,"A.allele.1","A*03","KVVDFRELNK","Pol"
2241,"A.allele.1","A*03","TISQSSMTK","Pol"
2274,"A.allele.1","A*23",NA,NA
2278,"A.allele.1","A*01",NA,NA
2286,"A.allele.1","A*02","ALYNTAAAL","Gag"
2286,"A.allele.1","A*02","KSLFNTIATLY","Gag"
2286,"A.allele.1","A*02","KSLFNTIAVLY","Gag"
2286,"A.allele.1","A*02","KSLFNTVATLC","Gag"
2286,"A.allele.1","A*02","KSLFNTVATLY","Gag"
2286,"A.allele.1","A*02","KSLFNTVAVLY","Gag"
2286,"A.allele.1","A*02","KSLYNTIATLY","Gag"
2286,"A.allele.1","A*02","KSLYNTIAVLY","Gag"
2286,"A.allele.1","A*02","KSLYNTVAVLY","Gag"
2286,"A.allele.1","A*02","RSLFNTIATLF","Gag"
2286,"A.allele.1","A*02","RSLFNTIATLY","Gag"
2286,"A.allele.1","A*02","RSLFNTIAVLY","Gag"
2286,"A.allele.1","A*02","RSLFNTVATLY","Gag"
2286,"A.allele.1","A*02","RSLFNTVAVLY","Gag"
2286,"A.allele.1","A*02","RSLYNTIATLY","Gag"
2286,"A.allele.1","A*02","RSLYNTIAVLY","Gag"
2286,"A.allele.1","A*02","RSLYNTVATLC","Gag"
2286,"A.allele.1","A*02","RSLYNTVAVLY","Gag"
2286,"A.allele.1","A*02","SLANTVATL","Gag"
2286,"A.allele.1","A*02","SLFNAVATL","Gag"
2286,"A.allele.1","A*02","SLFNTIATL","Gag"
2286,"A.allele.1","A*02","SLFNTIAVL","Gag"
2286,"A.allele.1","A*02","SLFNTVATL","Gag"
2286,"A.allele.1","A*02","SLFNTVAVL","Gag"
2286,"A.allele.1","A*02","SLHNAVAVL","Gag"
2286,"A.allele.1","A*02","SLHNTVATL","Gag"
2286,"A.allele.1","A*02","SLHNTVAVL","Gag"
2286,"A.allele.1","A*02","SLYATVATL","Gag"
2286,"A.allele.1","A*02","SLYNAIATL","Gag"
2286,"A.allele.1","A*02","SLYNAVATL","Gag"
2286,"A.allele.1","A*02","SLYNAVATL","Gag"
2286,"A.allele.1","A*02","SLYNLVAVL","Gag"
2286,"A.allele.1","A*02","SLYNTIATL","Gag"
2286,"A.allele.1","A*02","SLYNTIAVL","Gag"
2286,"A.allele.1","A*02","SLYNTVAAL","Gag"
2286,"A.allele.1","A*02","SLYNTVATL","Gag"
2286,"A.allele.1","A*02","SLYNTVAVL","Gag"
2286,"A.allele.1","A*02","SLYNVVATL","Gag"
2286,"A.allele.1","A*02","AAIDLSHFL","Nef"
2286,"A.allele.1","A*02","AALDLSHFL","Nef"
2286,"A.allele.1","A*02","GAFDLSFFL","Nef"
2286,"A.allele.1","A*02","GALDLSHFL","Nef"
2286,"A.allele.1","A*02","GARDLSHFL","Nef"
2286,"A.allele.1","A*02","GAVDLSHFL","Nef"
2286,"A.allele.1","A*02","EIYQYMDDL","Pol"
2286,"A.allele.1","A*02","ILKDPVHGV","Pol"
2286,"A.allele.1","A*02","ILKELVHGV","Pol"
2286,"A.allele.1","A*02","LVGPTPANI","Pol"
2286,"A.allele.1","A*02","VIYQYVDDL","Pol"
2302,"A.allele.1","A*01",NA,NA
2303,"A.allele.1","A*01",NA,NA
2452,"A.allele.1","A*02","ALYNTAAAL","Gag"
2452,"A.allele.1","A*02","KSLFNTIATLY","Gag"
2452,"A.allele.1","A*02","KSLFNTIAVLY","Gag"
2452,"A.allele.1","A*02","KSLFNTVATLC","Gag"
2452,"A.allele.1","A*02","KSLFNTVATLY","Gag"
2452,"A.allele.1","A*02","KSLFNTVAVLY","Gag"
2452,"A.allele.1","A*02","KSLYNTIATLY","Gag"
2452,"A.allele.1","A*02","KSLYNTIAVLY","Gag"
2452,"A.allele.1","A*02","KSLYNTVAVLY","Gag"
2452,"A.allele.1","A*02","RSLFNTIATLF","Gag"
2452,"A.allele.1","A*02","RSLFNTIATLY","Gag"
2452,"A.allele.1","A*02","RSLFNTIAVLY","Gag"
2452,"A.allele.1","A*02","RSLFNTVATLY","Gag"
2452,"A.allele.1","A*02","RSLFNTVAVLY","Gag"
2452,"A.allele.1","A*02","RSLYNTIATLY","Gag"
2452,"A.allele.1","A*02","RSLYNTIAVLY","Gag"
2452,"A.allele.1","A*02","RSLYNTVATLC","Gag"
2452,"A.allele.1","A*02","RSLYNTVAVLY","Gag"
2452,"A.allele.1","A*02","SLANTVATL","Gag"
2452,"A.allele.1","A*02","SLFNAVATL","Gag"
2452,"A.allele.1","A*02","SLFNTIATL","Gag"
2452,"A.allele.1","A*02","SLFNTIAVL","Gag"
2452,"A.allele.1","A*02","SLFNTVATL","Gag"
2452,"A.allele.1","A*02","SLFNTVAVL","Gag"
2452,"A.allele.1","A*02","SLHNAVAVL","Gag"
2452,"A.allele.1","A*02","SLHNTVATL","Gag"
2452,"A.allele.1","A*02","SLHNTVAVL","Gag"
2452,"A.allele.1","A*02","SLYATVATL","Gag"
2452,"A.allele.1","A*02","SLYNAIATL","Gag"
2452,"A.allele.1","A*02","SLYNAVATL","Gag"
2452,"A.allele.1","A*02","SLYNAVATL","Gag"
2452,"A.allele.1","A*02","SLYNLVAVL","Gag"
2452,"A.allele.1","A*02","SLYNTIATL","Gag"
2452,"A.allele.1","A*02","SLYNTIAVL","Gag"
2452,"A.allele.1","A*02","SLYNTVAAL","Gag"
2452,"A.allele.1","A*02","SLYNTVATL","Gag"
2452,"A.allele.1","A*02","SLYNTVAVL","Gag"
2452,"A.allele.1","A*02","SLYNVVATL","Gag"
2452,"A.allele.1","A*02","AAIDLSHFL","Nef"
2452,"A.allele.1","A*02","AALDLSHFL","Nef"
2452,"A.allele.1","A*02","GAFDLSFFL","Nef"
2452,"A.allele.1","A*02","GALDLSHFL","Nef"
2452,"A.allele.1","A*02","GARDLSHFL","Nef"
2452,"A.allele.1","A*02","GAVDLSHFL","Nef"
2452,"A.allele.1","A*02","EIYQYMDDL","Pol"
2452,"A.allele.1","A*02","ILKDPVHGV","Pol"
2452,"A.allele.1","A*02","ILKELVHGV","Pol"
2452,"A.allele.1","A*02","LVGPTPANI","Pol"
2452,"A.allele.1","A*02","VIYQYVDDL","Pol"
2454,"A.allele.1","A*01",NA,NA
2469,"A.allele.1","A*02","ALYNTAAAL","Gag"
2469,"A.allele.1","A*02","KSLFNTIATLY","Gag"
2469,"A.allele.1","A*02","KSLFNTIAVLY","Gag"
2469,"A.allele.1","A*02","KSLFNTVATLC","Gag"
2469,"A.allele.1","A*02","KSLFNTVATLY","Gag"
2469,"A.allele.1","A*02","KSLFNTVAVLY","Gag"
2469,"A.allele.1","A*02","KSLYNTIATLY","Gag"
2469,"A.allele.1","A*02","KSLYNTIAVLY","Gag"
2469,"A.allele.1","A*02","KSLYNTVAVLY","Gag"
2469,"A.allele.1","A*02","RSLFNTIATLF","Gag"
2469,"A.allele.1","A*02","RSLFNTIATLY","Gag"
2469,"A.allele.1","A*02","RSLFNTIAVLY","Gag"
2469,"A.allele.1","A*02","RSLFNTVATLY","Gag"
2469,"A.allele.1","A*02","RSLFNTVAVLY","Gag"
2469,"A.allele.1","A*02","RSLYNTIATLY","Gag"
2469,"A.allele.1","A*02","RSLYNTIAVLY","Gag"
2469,"A.allele.1","A*02","RSLYNTVATLC","Gag"
2469,"A.allele.1","A*02","RSLYNTVAVLY","Gag"
2469,"A.allele.1","A*02","SLANTVATL","Gag"
2469,"A.allele.1","A*02","SLFNAVATL","Gag"
2469,"A.allele.1","A*02","SLFNTIATL","Gag"
2469,"A.allele.1","A*02","SLFNTIAVL","Gag"
2469,"A.allele.1","A*02","SLFNTVATL","Gag"
2469,"A.allele.1","A*02","SLFNTVAVL","Gag"
2469,"A.allele.1","A*02","SLHNAVAVL","Gag"
2469,"A.allele.1","A*02","SLHNTVATL","Gag"
2469,"A.allele.1","A*02","SLHNTVAVL","Gag"
2469,"A.allele.1","A*02","SLYATVATL","Gag"
2469,"A.allele.1","A*02","SLYNAIATL","Gag"
2469,"A.allele.1","A*02","SLYNAVATL","Gag"
2469,"A.allele.1","A*02","SLYNAVATL","Gag"
2469,"A.allele.1","A*02","SLYNLVAVL","Gag"
2469,"A.allele.1","A*02","SLYNTIATL","Gag"
2469,"A.allele.1","A*02","SLYNTIAVL","Gag"
2469,"A.allele.1","A*02","SLYNTVAAL","Gag"
2469,"A.allele.1","A*02","SLYNTVATL","Gag"
2469,"A.allele.1","A*02","SLYNTVAVL","Gag"
2469,"A.allele.1","A*02","SLYNVVATL","Gag"
2469,"A.allele.1","A*02","AAIDLSHFL","Nef"
2469,"A.allele.1","A*02","AALDLSHFL","Nef"
2469,"A.allele.1","A*02","GAFDLSFFL","Nef"
2469,"A.allele.1","A*02","GALDLSHFL","Nef"
2469,"A.allele.1","A*02","GARDLSHFL","Nef"
2469,"A.allele.1","A*02","GAVDLSHFL","Nef"
2469,"A.allele.1","A*02","EIYQYMDDL","Pol"
2469,"A.allele.1","A*02","ILKDPVHGV","Pol"
2469,"A.allele.1","A*02","ILKELVHGV","Pol"
2469,"A.allele.1","A*02","LVGPTPANI","Pol"
2469,"A.allele.1","A*02","VIYQYVDDL","Pol"
2470,"A.allele.1","A*03","KIRLRPGGQ","Gag"
2470,"A.allele.1","A*03","KIRLRPGGR","Gag"
2470,"A.allele.1","A*03","RIRLRPGGK","Gag"
2470,"A.allele.1","A*03","RIRLRPGGR","Gag"
2470,"A.allele.1","A*03","RLRPGGKKC","Gag"
2470,"A.allele.1","A*03","RLRPGGKKQ","Gag"
2470,"A.allele.1","A*03","RLRPGGKKR","Gag"
2470,"A.allele.1","A*03","RLRPGGKQK","Gag"
2470,"A.allele.1","A*03","RLRPGGRKT","Gag"
2470,"A.allele.1","A*03","ALDISHFLK","Nef"
2470,"A.allele.1","A*03","ALDLSHFLK","Nef"
2470,"A.allele.1","A*03","ALDLSHFLR","Nef"
2470,"A.allele.1","A*03","ALDMSHFLK","Nef"
2470,"A.allele.1","A*03","ALNLSHFLK","Nef"
2470,"A.allele.1","A*03","QVPLRPMSYR","Nef"
2470,"A.allele.1","A*03","QVPLRPMTRR","Nef"
2470,"A.allele.1","A*03","QVPVRPMTFK","Nef"
2470,"A.allele.1","A*03","AIFLSSMTK","Pol"
2470,"A.allele.1","A*03","AIFQSSMLK","Pol"
2470,"A.allele.1","A*03","AIFQSSMTK","Pol"
2470,"A.allele.1","A*03","AIFQSSMTR","Pol"
2470,"A.allele.1","A*03","AIFQSSMTT","Pol"
2470,"A.allele.1","A*03","AVFVHNFKRK","Pol"
2470,"A.allele.1","A*03","KVVDFRELNK","Pol"
2470,"A.allele.1","A*03","TISQSSMTK","Pol"
2531,"A.allele.1","A*03","KIRLRPGGQ","Gag"
2531,"A.allele.1","A*03","KIRLRPGGR","Gag"
2531,"A.allele.1","A*03","RIRLRPGGK","Gag"
2531,"A.allele.1","A*03","RIRLRPGGR","Gag"
2531,"A.allele.1","A*03","RLRPGGKKC","Gag"
2531,"A.allele.1","A*03","RLRPGGKKQ","Gag"
2531,"A.allele.1","A*03","RLRPGGKKR","Gag"
2531,"A.allele.1","A*03","RLRPGGKQK","Gag"
2531,"A.allele.1","A*03","RLRPGGRKT","Gag"
2531,"A.allele.1","A*03","ALDISHFLK","Nef"
2531,"A.allele.1","A*03","ALDLSHFLK","Nef"
2531,"A.allele.1","A*03","ALDLSHFLR","Nef"
2531,"A.allele.1","A*03","ALDMSHFLK","Nef"
2531,"A.allele.1","A*03","ALNLSHFLK","Nef"
2531,"A.allele.1","A*03","QVPLRPMSYR","Nef"
2531,"A.allele.1","A*03","QVPLRPMTRR","Nef"
2531,"A.allele.1","A*03","QVPVRPMTFK","Nef"
2531,"A.allele.1","A*03","AIFLSSMTK","Pol"
2531,"A.allele.1","A*03","AIFQSSMLK","Pol"
2531,"A.allele.1","A*03","AIFQSSMTK","Pol"
2531,"A.allele.1","A*03","AIFQSSMTR","Pol"
2531,"A.allele.1","A*03","AIFQSSMTT","Pol"
2531,"A.allele.1","A*03","AVFVHNFKRK","Pol"
2531,"A.allele.1","A*03","KVVDFRELNK","Pol"
2531,"A.allele.1","A*03","TISQSSMTK","Pol"
2606,"A.allele.1","A*02","ALYNTAAAL","Gag"
2606,"A.allele.1","A*02","KSLFNTIATLY","Gag"
2606,"A.allele.1","A*02","KSLFNTIAVLY","Gag"
2606,"A.allele.1","A*02","KSLFNTVATLC","Gag"
2606,"A.allele.1","A*02","KSLFNTVATLY","Gag"
2606,"A.allele.1","A*02","KSLFNTVAVLY","Gag"
2606,"A.allele.1","A*02","KSLYNTIATLY","Gag"
2606,"A.allele.1","A*02","KSLYNTIAVLY","Gag"
2606,"A.allele.1","A*02","KSLYNTVAVLY","Gag"
2606,"A.allele.1","A*02","RSLFNTIATLF","Gag"
2606,"A.allele.1","A*02","RSLFNTIATLY","Gag"
2606,"A.allele.1","A*02","RSLFNTIAVLY","Gag"
2606,"A.allele.1","A*02","RSLFNTVATLY","Gag"
2606,"A.allele.1","A*02","RSLFNTVAVLY","Gag"
2606,"A.allele.1","A*02","RSLYNTIATLY","Gag"
2606,"A.allele.1","A*02","RSLYNTIAVLY","Gag"
2606,"A.allele.1","A*02","RSLYNTVATLC","Gag"
2606,"A.allele.1","A*02","RSLYNTVAVLY","Gag"
2606,"A.allele.1","A*02","SLANTVATL","Gag"
2606,"A.allele.1","A*02","SLFNAVATL","Gag"
2606,"A.allele.1","A*02","SLFNTIATL","Gag"
2606,"A.allele.1","A*02","SLFNTIAVL","Gag"
2606,"A.allele.1","A*02","SLFNTVATL","Gag"
2606,"A.allele.1","A*02","SLFNTVAVL","Gag"
2606,"A.allele.1","A*02","SLHNAVAVL","Gag"
2606,"A.allele.1","A*02","SLHNTVATL","Gag"
2606,"A.allele.1","A*02","SLHNTVAVL","Gag"
2606,"A.allele.1","A*02","SLYATVATL","Gag"
2606,"A.allele.1","A*02","SLYNAIATL","Gag"
2606,"A.allele.1","A*02","SLYNAVATL","Gag"
2606,"A.allele.1","A*02","SLYNAVATL","Gag"
2606,"A.allele.1","A*02","SLYNLVAVL","Gag"
2606,"A.allele.1","A*02","SLYNTIATL","Gag"
2606,"A.allele.1","A*02","SLYNTIAVL","Gag"
2606,"A.allele.1","A*02","SLYNTVAAL","Gag"
2606,"A.allele.1","A*02","SLYNTVATL","Gag"
2606,"A.allele.1","A*02","SLYNTVAVL","Gag"
2606,"A.allele.1","A*02","SLYNVVATL","Gag"
2606,"A.allele.1","A*02","AAIDLSHFL","Nef"
2606,"A.allele.1","A*02","AALDLSHFL","Nef"
2606,"A.allele.1","A*02","GAFDLSFFL","Nef"
2606,"A.allele.1","A*02","GALDLSHFL","Nef"
2606,"A.allele.1","A*02","GARDLSHFL","Nef"
2606,"A.allele.1","A*02","GAVDLSHFL","Nef"
2606,"A.allele.1","A*02","EIYQYMDDL","Pol"
2606,"A.allele.1","A*02","ILKDPVHGV","Pol"
2606,"A.allele.1","A*02","ILKELVHGV","Pol"
2606,"A.allele.1","A*02","LVGPTPANI","Pol"
2606,"A.allele.1","A*02","VIYQYVDDL","Pol"
2647,"A.allele.1","A*02","ALYNTAAAL","Gag"
2647,"A.allele.1","A*02","KSLFNTIATLY","Gag"
2647,"A.allele.1","A*02","KSLFNTIAVLY","Gag"
2647,"A.allele.1","A*02","KSLFNTVATLC","Gag"
2647,"A.allele.1","A*02","KSLFNTVATLY","Gag"
2647,"A.allele.1","A*02","KSLFNTVAVLY","Gag"
2647,"A.allele.1","A*02","KSLYNTIATLY","Gag"
2647,"A.allele.1","A*02","KSLYNTIAVLY","Gag"
2647,"A.allele.1","A*02","KSLYNTVAVLY","Gag"
2647,"A.allele.1","A*02","RSLFNTIATLF","Gag"
2647,"A.allele.1","A*02","RSLFNTIATLY","Gag"
2647,"A.allele.1","A*02","RSLFNTIAVLY","Gag"
2647,"A.allele.1","A*02","RSLFNTVATLY","Gag"
2647,"A.allele.1","A*02","RSLFNTVAVLY","Gag"
2647,"A.allele.1","A*02","RSLYNTIATLY","Gag"
2647,"A.allele.1","A*02","RSLYNTIAVLY","Gag"
2647,"A.allele.1","A*02","RSLYNTVATLC","Gag"
2647,"A.allele.1","A*02","RSLYNTVAVLY","Gag"
2647,"A.allele.1","A*02","SLANTVATL","Gag"
2647,"A.allele.1","A*02","SLFNAVATL","Gag"
2647,"A.allele.1","A*02","SLFNTIATL","Gag"
2647,"A.allele.1","A*02","SLFNTIAVL","Gag"
2647,"A.allele.1","A*02","SLFNTVATL","Gag"
2647,"A.allele.1","A*02","SLFNTVAVL","Gag"
2647,"A.allele.1","A*02","SLHNAVAVL","Gag"
2647,"A.allele.1","A*02","SLHNTVATL","Gag"
2647,"A.allele.1","A*02","SLHNTVAVL","Gag"
2647,"A.allele.1","A*02","SLYATVATL","Gag"
2647,"A.allele.1","A*02","SLYNAIATL","Gag"
2647,"A.allele.1","A*02","SLYNAVATL","Gag"
2647,"A.allele.1","A*02","SLYNAVATL","Gag"
2647,"A.allele.1","A*02","SLYNLVAVL","Gag"
2647,"A.allele.1","A*02","SLYNTIATL","Gag"
2647,"A.allele.1","A*02","SLYNTIAVL","Gag"
2647,"A.allele.1","A*02","SLYNTVAAL","Gag"
2647,"A.allele.1","A*02","SLYNTVATL","Gag"
2647,"A.allele.1","A*02","SLYNTVAVL","Gag"
2647,"A.allele.1","A*02","SLYNVVATL","Gag"
2647,"A.allele.1","A*02","AAIDLSHFL","Nef"
2647,"A.allele.1","A*02","AALDLSHFL","Nef"
2647,"A.allele.1","A*02","GAFDLSFFL","Nef"
2647,"A.allele.1","A*02","GALDLSHFL","Nef"
2647,"A.allele.1","A*02","GARDLSHFL","Nef"
2647,"A.allele.1","A*02","GAVDLSHFL","Nef"
2647,"A.allele.1","A*02","EIYQYMDDL","Pol"
2647,"A.allele.1","A*02","ILKDPVHGV","Pol"
2647,"A.allele.1","A*02","ILKELVHGV","Pol"
2647,"A.allele.1","A*02","LVGPTPANI","Pol"
2647,"A.allele.1","A*02","VIYQYVDDL","Pol"
2661,"A.allele.1","A*02","ALYNTAAAL","Gag"
2661,"A.allele.1","A*02","KSLFNTIATLY","Gag"
2661,"A.allele.1","A*02","KSLFNTIAVLY","Gag"
2661,"A.allele.1","A*02","KSLFNTVATLC","Gag"
2661,"A.allele.1","A*02","KSLFNTVATLY","Gag"
2661,"A.allele.1","A*02","KSLFNTVAVLY","Gag"
2661,"A.allele.1","A*02","KSLYNTIATLY","Gag"
2661,"A.allele.1","A*02","KSLYNTIAVLY","Gag"
2661,"A.allele.1","A*02","KSLYNTVAVLY","Gag"
2661,"A.allele.1","A*02","RSLFNTIATLF","Gag"
2661,"A.allele.1","A*02","RSLFNTIATLY","Gag"
2661,"A.allele.1","A*02","RSLFNTIAVLY","Gag"
2661,"A.allele.1","A*02","RSLFNTVATLY","Gag"
2661,"A.allele.1","A*02","RSLFNTVAVLY","Gag"
2661,"A.allele.1","A*02","RSLYNTIATLY","Gag"
2661,"A.allele.1","A*02","RSLYNTIAVLY","Gag"
2661,"A.allele.1","A*02","RSLYNTVATLC","Gag"
2661,"A.allele.1","A*02","RSLYNTVAVLY","Gag"
2661,"A.allele.1","A*02","SLANTVATL","Gag"
2661,"A.allele.1","A*02","SLFNAVATL","Gag"
2661,"A.allele.1","A*02","SLFNTIATL","Gag"
2661,"A.allele.1","A*02","SLFNTIAVL","Gag"
2661,"A.allele.1","A*02","SLFNTVATL","Gag"
2661,"A.allele.1","A*02","SLFNTVAVL","Gag"
2661,"A.allele.1","A*02","SLHNAVAVL","Gag"
2661,"A.allele.1","A*02","SLHNTVATL","Gag"
2661,"A.allele.1","A*02","SLHNTVAVL","Gag"
2661,"A.allele.1","A*02","SLYATVATL","Gag"
2661,"A.allele.1","A*02","SLYNAIATL","Gag"
2661,"A.allele.1","A*02","SLYNAVATL","Gag"
2661,"A.allele.1","A*02","SLYNAVATL","Gag"
2661,"A.allele.1","A*02","SLYNLVAVL","Gag"
2661,"A.allele.1","A*02","SLYNTIATL","Gag"
2661,"A.allele.1","A*02","SLYNTIAVL","Gag"
2661,"A.allele.1","A*02","SLYNTVAAL","Gag"
2661,"A.allele.1","A*02","SLYNTVATL","Gag"
2661,"A.allele.1","A*02","SLYNTVAVL","Gag"
2661,"A.allele.1","A*02","SLYNVVATL","Gag"
2661,"A.allele.1","A*02","AAIDLSHFL","Nef"
2661,"A.allele.1","A*02","AALDLSHFL","Nef"
2661,"A.allele.1","A*02","GAFDLSFFL","Nef"
2661,"A.allele.1","A*02","GALDLSHFL","Nef"
2661,"A.allele.1","A*02","GARDLSHFL","Nef"
2661,"A.allele.1","A*02","GAVDLSHFL","Nef"
2661,"A.allele.1","A*02","EIYQYMDDL","Pol"
2661,"A.allele.1","A*02","ILKDPVHGV","Pol"
2661,"A.allele.1","A*02","ILKELVHGV","Pol"
2661,"A.allele.1","A*02","LVGPTPANI","Pol"
2661,"A.allele.1","A*02","VIYQYVDDL","Pol"
2664,"A.allele.1","A*02","ALYNTAAAL","Gag"
2664,"A.allele.1","A*02","KSLFNTIATLY","Gag"
2664,"A.allele.1","A*02","KSLFNTIAVLY","Gag"
2664,"A.allele.1","A*02","KSLFNTVATLC","Gag"
2664,"A.allele.1","A*02","KSLFNTVATLY","Gag"
2664,"A.allele.1","A*02","KSLFNTVAVLY","Gag"
2664,"A.allele.1","A*02","KSLYNTIATLY","Gag"
2664,"A.allele.1","A*02","KSLYNTIAVLY","Gag"
2664,"A.allele.1","A*02","KSLYNTVAVLY","Gag"
2664,"A.allele.1","A*02","RSLFNTIATLF","Gag"
2664,"A.allele.1","A*02","RSLFNTIATLY","Gag"
2664,"A.allele.1","A*02","RSLFNTIAVLY","Gag"
2664,"A.allele.1","A*02","RSLFNTVATLY","Gag"
2664,"A.allele.1","A*02","RSLFNTVAVLY","Gag"
2664,"A.allele.1","A*02","RSLYNTIATLY","Gag"
2664,"A.allele.1","A*02","RSLYNTIAVLY","Gag"
2664,"A.allele.1","A*02","RSLYNTVATLC","Gag"
2664,"A.allele.1","A*02","RSLYNTVAVLY","Gag"
2664,"A.allele.1","A*02","SLANTVATL","Gag"
2664,"A.allele.1","A*02","SLFNAVATL","Gag"
2664,"A.allele.1","A*02","SLFNTIATL","Gag"
2664,"A.allele.1","A*02","SLFNTIAVL","Gag"
2664,"A.allele.1","A*02","SLFNTVATL","Gag"
2664,"A.allele.1","A*02","SLFNTVAVL","Gag"
2664,"A.allele.1","A*02","SLHNAVAVL","Gag"
2664,"A.allele.1","A*02","SLHNTVATL","Gag"
2664,"A.allele.1","A*02","SLHNTVAVL","Gag"
2664,"A.allele.1","A*02","SLYATVATL","Gag"
2664,"A.allele.1","A*02","SLYNAIATL","Gag"
2664,"A.allele.1","A*02","SLYNAVATL","Gag"
2664,"A.allele.1","A*02","SLYNAVATL","Gag"
2664,"A.allele.1","A*02","SLYNLVAVL","Gag"
2664,"A.allele.1","A*02","SLYNTIATL","Gag"
2664,"A.allele.1","A*02","SLYNTIAVL","Gag"
2664,"A.allele.1","A*02","SLYNTVAAL","Gag"
2664,"A.allele.1","A*02","SLYNTVATL","Gag"
2664,"A.allele.1","A*02","SLYNTVAVL","Gag"
2664,"A.allele.1","A*02","SLYNVVATL","Gag"
2664,"A.allele.1","A*02","AAIDLSHFL","Nef"
2664,"A.allele.1","A*02","AALDLSHFL","Nef"
2664,"A.allele.1","A*02","GAFDLSFFL","Nef"
2664,"A.allele.1","A*02","GALDLSHFL","Nef"
2664,"A.allele.1","A*02","GARDLSHFL","Nef"
2664,"A.allele.1","A*02","GAVDLSHFL","Nef"
2664,"A.allele.1","A*02","EIYQYMDDL","Pol"
2664,"A.allele.1","A*02","ILKDPVHGV","Pol"
2664,"A.allele.1","A*02","ILKELVHGV","Pol"
2664,"A.allele.1","A*02","LVGPTPANI","Pol"
2664,"A.allele.1","A*02","VIYQYVDDL","Pol"
3632,"A.allele.1","A*24","KYRLKHIVW","Gag"
3632,"A.allele.1","A*24","QYKLKHIVW","Gag"
3632,"A.allele.1","A*24","RFPLCFGW","Nef"
3632,"A.allele.1","A*24","RFPLTFGW","Nef"
3632,"A.allele.1","A*24","RFPLTFGWCY","Nef"
3632,"A.allele.1","A*24","RYPLCFGW","Nef"
3632,"A.allele.1","A*24","RYPLMFGW","Nef"
3632,"A.allele.1","A*24","RYPLTLGW","Nef"
2013,"A.allele.1","A*11","ACQGVGGPSHK","Gag"
2013,"A.allele.1","A*11","AVDLSHFLR","Nef"
2013,"A.allele.1","A*11","AIFQSSMTR","Pol"
2013,"A.allele.1","A*11","AIFQSSMTT","Pol"
2026,"A.allele.1","A*01",NA,NA
2046,"A.allele.1","A*24","KYRLKHIVW","Gag"
2046,"A.allele.1","A*24","QYKLKHIVW","Gag"
2046,"A.allele.1","A*24","RFPLCFGW","Nef"
2046,"A.allele.1","A*24","RFPLTFGW","Nef"
2046,"A.allele.1","A*24","RFPLTFGWCY","Nef"
2046,"A.allele.1","A*24","RYPLCFGW","Nef"
2046,"A.allele.1","A*24","RYPLMFGW","Nef"
2046,"A.allele.1","A*24","RYPLTLGW","Nef"
2115,"A.allele.1","A*03","KIRLRPGGQ","Gag"
2115,"A.allele.1","A*03","KIRLRPGGR","Gag"
2115,"A.allele.1","A*03","RIRLRPGGK","Gag"
2115,"A.allele.1","A*03","RIRLRPGGR","Gag"
2115,"A.allele.1","A*03","RLRPGGKKC","Gag"
2115,"A.allele.1","A*03","RLRPGGKKQ","Gag"
2115,"A.allele.1","A*03","RLRPGGKKR","Gag"
2115,"A.allele.1","A*03","RLRPGGKQK","Gag"
2115,"A.allele.1","A*03","RLRPGGRKT","Gag"
2115,"A.allele.1","A*03","ALDISHFLK","Nef"
2115,"A.allele.1","A*03","ALDLSHFLK","Nef"
2115,"A.allele.1","A*03","ALDLSHFLR","Nef"
2115,"A.allele.1","A*03","ALDMSHFLK","Nef"
2115,"A.allele.1","A*03","ALNLSHFLK","Nef"
2115,"A.allele.1","A*03","QVPLRPMSYR","Nef"
2115,"A.allele.1","A*03","QVPLRPMTRR","Nef"
2115,"A.allele.1","A*03","QVPVRPMTFK","Nef"
2115,"A.allele.1","A*03","AIFLSSMTK","Pol"
2115,"A.allele.1","A*03","AIFQSSMLK","Pol"
2115,"A.allele.1","A*03","AIFQSSMTK","Pol"
2115,"A.allele.1","A*03","AIFQSSMTR","Pol"
2115,"A.allele.1","A*03","AIFQSSMTT","Pol"
2115,"A.allele.1","A*03","AVFVHNFKRK","Pol"
2115,"A.allele.1","A*03","KVVDFRELNK","Pol"
2115,"A.allele.1","A*03","TISQSSMTK","Pol"
2275,"A.allele.1","A*02","ALYNTAAAL","Gag"
2275,"A.allele.1","A*02","KSLFNTIATLY","Gag"
2275,"A.allele.1","A*02","KSLFNTIAVLY","Gag"
2275,"A.allele.1","A*02","KSLFNTVATLC","Gag"
2275,"A.allele.1","A*02","KSLFNTVATLY","Gag"
2275,"A.allele.1","A*02","KSLFNTVAVLY","Gag"
2275,"A.allele.1","A*02","KSLYNTIATLY","Gag"
2275,"A.allele.1","A*02","KSLYNTIAVLY","Gag"
2275,"A.allele.1","A*02","KSLYNTVAVLY","Gag"
2275,"A.allele.1","A*02","RSLFNTIATLF","Gag"
2275,"A.allele.1","A*02","RSLFNTIATLY","Gag"
2275,"A.allele.1","A*02","RSLFNTIAVLY","Gag"
2275,"A.allele.1","A*02","RSLFNTVATLY","Gag"
2275,"A.allele.1","A*02","RSLFNTVAVLY","Gag"
2275,"A.allele.1","A*02","RSLYNTIATLY","Gag"
2275,"A.allele.1","A*02","RSLYNTIAVLY","Gag"
2275,"A.allele.1","A*02","RSLYNTVATLC","Gag"
2275,"A.allele.1","A*02","RSLYNTVAVLY","Gag"
2275,"A.allele.1","A*02","SLANTVATL","Gag"
2275,"A.allele.1","A*02","SLFNAVATL","Gag"
2275,"A.allele.1","A*02","SLFNTIATL","Gag"
2275,"A.allele.1","A*02","SLFNTIAVL","Gag"
2275,"A.allele.1","A*02","SLFNTVATL","Gag"
2275,"A.allele.1","A*02","SLFNTVAVL","Gag"
2275,"A.allele.1","A*02","SLHNAVAVL","Gag"
2275,"A.allele.1","A*02","SLHNTVATL","Gag"
2275,"A.allele.1","A*02","SLHNTVAVL","Gag"
2275,"A.allele.1","A*02","SLYATVATL","Gag"
2275,"A.allele.1","A*02","SLYNAIATL","Gag"
2275,"A.allele.1","A*02","SLYNAVATL","Gag"
2275,"A.allele.1","A*02","SLYNAVATL","Gag"
2275,"A.allele.1","A*02","SLYNLVAVL","Gag"
2275,"A.allele.1","A*02","SLYNTIATL","Gag"
2275,"A.allele.1","A*02","SLYNTIAVL","Gag"
2275,"A.allele.1","A*02","SLYNTVAAL","Gag"
2275,"A.allele.1","A*02","SLYNTVATL","Gag"
2275,"A.allele.1","A*02","SLYNTVAVL","Gag"
2275,"A.allele.1","A*02","SLYNVVATL","Gag"
2275,"A.allele.1","A*02","AAIDLSHFL","Nef"
2275,"A.allele.1","A*02","AALDLSHFL","Nef"
2275,"A.allele.1","A*02","GAFDLSFFL","Nef"
2275,"A.allele.1","A*02","GALDLSHFL","Nef"
2275,"A.allele.1","A*02","GARDLSHFL","Nef"
2275,"A.allele.1","A*02","GAVDLSHFL","Nef"
2275,"A.allele.1","A*02","EIYQYMDDL","Pol"
2275,"A.allele.1","A*02","ILKDPVHGV","Pol"
2275,"A.allele.1","A*02","ILKELVHGV","Pol"
2275,"A.allele.1","A*02","LVGPTPANI","Pol"
2275,"A.allele.1","A*02","VIYQYVDDL","Pol"
2518,"A.allele.1","A*01",NA,NA
1292,"A.allele.2","A*31",NA,NA
1408,"A.allele.2","A*02","ALYNTAAAL","Gag"
1408,"A.allele.2","A*02","KSLFNTIATLY","Gag"
1408,"A.allele.2","A*02","KSLFNTIAVLY","Gag"
1408,"A.allele.2","A*02","KSLFNTVATLC","Gag"
1408,"A.allele.2","A*02","KSLFNTVATLY","Gag"
1408,"A.allele.2","A*02","KSLFNTVAVLY","Gag"
1408,"A.allele.2","A*02","KSLYNTIATLY","Gag"
1408,"A.allele.2","A*02","KSLYNTIAVLY","Gag"
1408,"A.allele.2","A*02","KSLYNTVAVLY","Gag"
1408,"A.allele.2","A*02","RSLFNTIATLF","Gag"
1408,"A.allele.2","A*02","RSLFNTIATLY","Gag"
1408,"A.allele.2","A*02","RSLFNTIAVLY","Gag"
1408,"A.allele.2","A*02","RSLFNTVATLY","Gag"
1408,"A.allele.2","A*02","RSLFNTVAVLY","Gag"
1408,"A.allele.2","A*02","RSLYNTIATLY","Gag"
1408,"A.allele.2","A*02","RSLYNTIAVLY","Gag"
1408,"A.allele.2","A*02","RSLYNTVATLC","Gag"
1408,"A.allele.2","A*02","RSLYNTVAVLY","Gag"
1408,"A.allele.2","A*02","SLANTVATL","Gag"
1408,"A.allele.2","A*02","SLFNAVATL","Gag"
1408,"A.allele.2","A*02","SLFNTIATL","Gag"
1408,"A.allele.2","A*02","SLFNTIAVL","Gag"
1408,"A.allele.2","A*02","SLFNTVATL","Gag"
1408,"A.allele.2","A*02","SLFNTVAVL","Gag"
1408,"A.allele.2","A*02","SLHNAVAVL","Gag"
1408,"A.allele.2","A*02","SLHNTVATL","Gag"
1408,"A.allele.2","A*02","SLHNTVAVL","Gag"
1408,"A.allele.2","A*02","SLYATVATL","Gag"
1408,"A.allele.2","A*02","SLYNAIATL","Gag"
1408,"A.allele.2","A*02","SLYNAVATL","Gag"
1408,"A.allele.2","A*02","SLYNAVATL","Gag"
1408,"A.allele.2","A*02","SLYNLVAVL","Gag"
1408,"A.allele.2","A*02","SLYNTIATL","Gag"
1408,"A.allele.2","A*02","SLYNTIAVL","Gag"
1408,"A.allele.2","A*02","SLYNTVAAL","Gag"
1408,"A.allele.2","A*02","SLYNTVATL","Gag"
1408,"A.allele.2","A*02","SLYNTVAVL","Gag"
1408,"A.allele.2","A*02","SLYNVVATL","Gag"
1408,"A.allele.2","A*02","AAIDLSHFL","Nef"
1408,"A.allele.2","A*02","AALDLSHFL","Nef"
1408,"A.allele.2","A*02","GAFDLSFFL","Nef"
1408,"A.allele.2","A*02","GALDLSHFL","Nef"
1408,"A.allele.2","A*02","GARDLSHFL","Nef"
1408,"A.allele.2","A*02","GAVDLSHFL","Nef"
1408,"A.allele.2","A*02","EIYQYMDDL","Pol"
1408,"A.allele.2","A*02","ILKDPVHGV","Pol"
1408,"A.allele.2","A*02","ILKELVHGV","Pol"
1408,"A.allele.2","A*02","LVGPTPANI","Pol"
1408,"A.allele.2","A*02","VIYQYVDDL","Pol"
1756,"A.allele.2","A*03","KIRLRPGGQ","Gag"
1756,"A.allele.2","A*03","KIRLRPGGR","Gag"
1756,"A.allele.2","A*03","RIRLRPGGK","Gag"
1756,"A.allele.2","A*03","RIRLRPGGR","Gag"
1756,"A.allele.2","A*03","RLRPGGKKC","Gag"
1756,"A.allele.2","A*03","RLRPGGKKQ","Gag"
1756,"A.allele.2","A*03","RLRPGGKKR","Gag"
1756,"A.allele.2","A*03","RLRPGGKQK","Gag"
1756,"A.allele.2","A*03","RLRPGGRKT","Gag"
1756,"A.allele.2","A*03","ALDISHFLK","Nef"
1756,"A.allele.2","A*03","ALDLSHFLK","Nef"
1756,"A.allele.2","A*03","ALDLSHFLR","Nef"
1756,"A.allele.2","A*03","ALDMSHFLK","Nef"
1756,"A.allele.2","A*03","ALNLSHFLK","Nef"
1756,"A.allele.2","A*03","QVPLRPMSYR","Nef"
1756,"A.allele.2","A*03","QVPLRPMTRR","Nef"
1756,"A.allele.2","A*03","QVPVRPMTFK","Nef"
1756,"A.allele.2","A*03","AIFLSSMTK","Pol"
1756,"A.allele.2","A*03","AIFQSSMLK","Pol"
1756,"A.allele.2","A*03","AIFQSSMTK","Pol"
1756,"A.allele.2","A*03","AIFQSSMTR","Pol"
1756,"A.allele.2","A*03","AIFQSSMTT","Pol"
1756,"A.allele.2","A*03","AVFVHNFKRK","Pol"
1756,"A.allele.2","A*03","KVVDFRELNK","Pol"
1756,"A.allele.2","A*03","TISQSSMTK","Pol"
2208,"A.allele.2","A*68","AIFQSSMTT","Pol"
2241,"A.allele.2","A*25",NA,NA
2274,"A.allele.2","A*32",NA,NA
2278,"A.allele.2","A*11","ACQGVGGPSHK","Gag"
2278,"A.allele.2","A*11","AVDLSHFLR","Nef"
2278,"A.allele.2","A*11","AIFQSSMTR","Pol"
2278,"A.allele.2","A*11","AIFQSSMTT","Pol"
2286,"A.allele.2","A*02","ALYNTAAAL","Gag"
2286,"A.allele.2","A*02","KSLFNTIATLY","Gag"
2286,"A.allele.2","A*02","KSLFNTIAVLY","Gag"
2286,"A.allele.2","A*02","KSLFNTVATLC","Gag"
2286,"A.allele.2","A*02","KSLFNTVATLY","Gag"
2286,"A.allele.2","A*02","KSLFNTVAVLY","Gag"
2286,"A.allele.2","A*02","KSLYNTIATLY","Gag"
2286,"A.allele.2","A*02","KSLYNTIAVLY","Gag"
2286,"A.allele.2","A*02","KSLYNTVAVLY","Gag"
2286,"A.allele.2","A*02","RSLFNTIATLF","Gag"
2286,"A.allele.2","A*02","RSLFNTIATLY","Gag"
2286,"A.allele.2","A*02","RSLFNTIAVLY","Gag"
2286,"A.allele.2","A*02","RSLFNTVATLY","Gag"
2286,"A.allele.2","A*02","RSLFNTVAVLY","Gag"
2286,"A.allele.2","A*02","RSLYNTIATLY","Gag"
2286,"A.allele.2","A*02","RSLYNTIAVLY","Gag"
2286,"A.allele.2","A*02","RSLYNTVATLC","Gag"
2286,"A.allele.2","A*02","RSLYNTVAVLY","Gag"
2286,"A.allele.2","A*02","SLANTVATL","Gag"
2286,"A.allele.2","A*02","SLFNAVATL","Gag"
2286,"A.allele.2","A*02","SLFNTIATL","Gag"
2286,"A.allele.2","A*02","SLFNTIAVL","Gag"
2286,"A.allele.2","A*02","SLFNTVATL","Gag"
2286,"A.allele.2","A*02","SLFNTVAVL","Gag"
2286,"A.allele.2","A*02","SLHNAVAVL","Gag"
2286,"A.allele.2","A*02","SLHNTVATL","Gag"
2286,"A.allele.2","A*02","SLHNTVAVL","Gag"
2286,"A.allele.2","A*02","SLYATVATL","Gag"
2286,"A.allele.2","A*02","SLYNAIATL","Gag"
2286,"A.allele.2","A*02","SLYNAVATL","Gag"
2286,"A.allele.2","A*02","SLYNAVATL","Gag"
2286,"A.allele.2","A*02","SLYNLVAVL","Gag"
2286,"A.allele.2","A*02","SLYNTIATL","Gag"
2286,"A.allele.2","A*02","SLYNTIAVL","Gag"
2286,"A.allele.2","A*02","SLYNTVAAL","Gag"
2286,"A.allele.2","A*02","SLYNTVATL","Gag"
2286,"A.allele.2","A*02","SLYNTVAVL","Gag"
2286,"A.allele.2","A*02","SLYNVVATL","Gag"
2286,"A.allele.2","A*02","AAIDLSHFL","Nef"
2286,"A.allele.2","A*02","AALDLSHFL","Nef"
2286,"A.allele.2","A*02","GAFDLSFFL","Nef"
2286,"A.allele.2","A*02","GALDLSHFL","Nef"
2286,"A.allele.2","A*02","GARDLSHFL","Nef"
2286,"A.allele.2","A*02","GAVDLSHFL","Nef"
2286,"A.allele.2","A*02","EIYQYMDDL","Pol"
2286,"A.allele.2","A*02","ILKDPVHGV","Pol"
2286,"A.allele.2","A*02","ILKELVHGV","Pol"
2286,"A.allele.2","A*02","LVGPTPANI","Pol"
2286,"A.allele.2","A*02","VIYQYVDDL","Pol"
2302,"A.allele.2","A*25",NA,NA
2303,"A.allele.2","A*02","ALYNTAAAL","Gag"
2303,"A.allele.2","A*02","KSLFNTIATLY","Gag"
2303,"A.allele.2","A*02","KSLFNTIAVLY","Gag"
2303,"A.allele.2","A*02","KSLFNTVATLC","Gag"
2303,"A.allele.2","A*02","KSLFNTVATLY","Gag"
2303,"A.allele.2","A*02","KSLFNTVAVLY","Gag"
2303,"A.allele.2","A*02","KSLYNTIATLY","Gag"
2303,"A.allele.2","A*02","KSLYNTIAVLY","Gag"
2303,"A.allele.2","A*02","KSLYNTVAVLY","Gag"
2303,"A.allele.2","A*02","RSLFNTIATLF","Gag"
2303,"A.allele.2","A*02","RSLFNTIATLY","Gag"
2303,"A.allele.2","A*02","RSLFNTIAVLY","Gag"
2303,"A.allele.2","A*02","RSLFNTVATLY","Gag"
2303,"A.allele.2","A*02","RSLFNTVAVLY","Gag"
2303,"A.allele.2","A*02","RSLYNTIATLY","Gag"
2303,"A.allele.2","A*02","RSLYNTIAVLY","Gag"
2303,"A.allele.2","A*02","RSLYNTVATLC","Gag"
2303,"A.allele.2","A*02","RSLYNTVAVLY","Gag"
2303,"A.allele.2","A*02","SLANTVATL","Gag"
2303,"A.allele.2","A*02","SLFNAVATL","Gag"
2303,"A.allele.2","A*02","SLFNTIATL","Gag"
2303,"A.allele.2","A*02","SLFNTIAVL","Gag"
2303,"A.allele.2","A*02","SLFNTVATL","Gag"
2303,"A.allele.2","A*02","SLFNTVAVL","Gag"
2303,"A.allele.2","A*02","SLHNAVAVL","Gag"
2303,"A.allele.2","A*02","SLHNTVATL","Gag"
2303,"A.allele.2","A*02","SLHNTVAVL","Gag"
2303,"A.allele.2","A*02","SLYATVATL","Gag"
2303,"A.allele.2","A*02","SLYNAIATL","Gag"
2303,"A.allele.2","A*02","SLYNAVATL","Gag"
2303,"A.allele.2","A*02","SLYNAVATL","Gag"
2303,"A.allele.2","A*02","SLYNLVAVL","Gag"
2303,"A.allele.2","A*02","SLYNTIATL","Gag"
2303,"A.allele.2","A*02","SLYNTIAVL","Gag"
2303,"A.allele.2","A*02","SLYNTVAAL","Gag"
2303,"A.allele.2","A*02","SLYNTVATL","Gag"
2303,"A.allele.2","A*02","SLYNTVAVL","Gag"
2303,"A.allele.2","A*02","SLYNVVATL","Gag"
2303,"A.allele.2","A*02","AAIDLSHFL","Nef"
2303,"A.allele.2","A*02","AALDLSHFL","Nef"
2303,"A.allele.2","A*02","GAFDLSFFL","Nef"
2303,"A.allele.2","A*02","GALDLSHFL","Nef"
2303,"A.allele.2","A*02","GARDLSHFL","Nef"
2303,"A.allele.2","A*02","GAVDLSHFL","Nef"
2303,"A.allele.2","A*02","EIYQYMDDL","Pol"
2303,"A.allele.2","A*02","ILKDPVHGV","Pol"
2303,"A.allele.2","A*02","ILKELVHGV","Pol"
2303,"A.allele.2","A*02","LVGPTPANI","Pol"
2303,"A.allele.2","A*02","VIYQYVDDL","Pol"
2452,"A.allele.2","A*03","KIRLRPGGQ","Gag"
2452,"A.allele.2","A*03","KIRLRPGGR","Gag"
2452,"A.allele.2","A*03","RIRLRPGGK","Gag"
2452,"A.allele.2","A*03","RIRLRPGGR","Gag"
2452,"A.allele.2","A*03","RLRPGGKKC","Gag"
2452,"A.allele.2","A*03","RLRPGGKKQ","Gag"
2452,"A.allele.2","A*03","RLRPGGKKR","Gag"
2452,"A.allele.2","A*03","RLRPGGKQK","Gag"
2452,"A.allele.2","A*03","RLRPGGRKT","Gag"
2452,"A.allele.2","A*03","ALDISHFLK","Nef"
2452,"A.allele.2","A*03","ALDLSHFLK","Nef"
2452,"A.allele.2","A*03","ALDLSHFLR","Nef"
2452,"A.allele.2","A*03","ALDMSHFLK","Nef"
2452,"A.allele.2","A*03","ALNLSHFLK","Nef"
2452,"A.allele.2","A*03","QVPLRPMSYR","Nef"
2452,"A.allele.2","A*03","QVPLRPMTRR","Nef"
2452,"A.allele.2","A*03","QVPVRPMTFK","Nef"
2452,"A.allele.2","A*03","AIFLSSMTK","Pol"
2452,"A.allele.2","A*03","AIFQSSMLK","Pol"
2452,"A.allele.2","A*03","AIFQSSMTK","Pol"
2452,"A.allele.2","A*03","AIFQSSMTR","Pol"
2452,"A.allele.2","A*03","AIFQSSMTT","Pol"
2452,"A.allele.2","A*03","AVFVHNFKRK","Pol"
2452,"A.allele.2","A*03","KVVDFRELNK","Pol"
2452,"A.allele.2","A*03","TISQSSMTK","Pol"
2454,"A.allele.2","A*03","KIRLRPGGQ","Gag"
2454,"A.allele.2","A*03","KIRLRPGGR","Gag"
2454,"A.allele.2","A*03","RIRLRPGGK","Gag"
2454,"A.allele.2","A*03","RIRLRPGGR","Gag"
2454,"A.allele.2","A*03","RLRPGGKKC","Gag"
2454,"A.allele.2","A*03","RLRPGGKKQ","Gag"
2454,"A.allele.2","A*03","RLRPGGKKR","Gag"
2454,"A.allele.2","A*03","RLRPGGKQK","Gag"
2454,"A.allele.2","A*03","RLRPGGRKT","Gag"
2454,"A.allele.2","A*03","ALDISHFLK","Nef"
2454,"A.allele.2","A*03","ALDLSHFLK","Nef"
2454,"A.allele.2","A*03","ALDLSHFLR","Nef"
2454,"A.allele.2","A*03","ALDMSHFLK","Nef"
2454,"A.allele.2","A*03","ALNLSHFLK","Nef"
2454,"A.allele.2","A*03","QVPLRPMSYR","Nef"
2454,"A.allele.2","A*03","QVPLRPMTRR","Nef"
2454,"A.allele.2","A*03","QVPVRPMTFK","Nef"
2454,"A.allele.2","A*03","AIFLSSMTK","Pol"
2454,"A.allele.2","A*03","AIFQSSMLK","Pol"
2454,"A.allele.2","A*03","AIFQSSMTK","Pol"
2454,"A.allele.2","A*03","AIFQSSMTR","Pol"
2454,"A.allele.2","A*03","AIFQSSMTT","Pol"
2454,"A.allele.2","A*03","AVFVHNFKRK","Pol"
2454,"A.allele.2","A*03","KVVDFRELNK","Pol"
2454,"A.allele.2","A*03","TISQSSMTK","Pol"
2469,"A.allele.2","A*02","ALYNTAAAL","Gag"
2469,"A.allele.2","A*02","KSLFNTIATLY","Gag"
2469,"A.allele.2","A*02","KSLFNTIAVLY","Gag"
2469,"A.allele.2","A*02","KSLFNTVATLC","Gag"
2469,"A.allele.2","A*02","KSLFNTVATLY","Gag"
2469,"A.allele.2","A*02","KSLFNTVAVLY","Gag"
2469,"A.allele.2","A*02","KSLYNTIATLY","Gag"
2469,"A.allele.2","A*02","KSLYNTIAVLY","Gag"
2469,"A.allele.2","A*02","KSLYNTVAVLY","Gag"
2469,"A.allele.2","A*02","RSLFNTIATLF","Gag"
2469,"A.allele.2","A*02","RSLFNTIATLY","Gag"
2469,"A.allele.2","A*02","RSLFNTIAVLY","Gag"
2469,"A.allele.2","A*02","RSLFNTVATLY","Gag"
2469,"A.allele.2","A*02","RSLFNTVAVLY","Gag"
2469,"A.allele.2","A*02","RSLYNTIATLY","Gag"
2469,"A.allele.2","A*02","RSLYNTIAVLY","Gag"
2469,"A.allele.2","A*02","RSLYNTVATLC","Gag"
2469,"A.allele.2","A*02","RSLYNTVAVLY","Gag"
2469,"A.allele.2","A*02","SLANTVATL","Gag"
2469,"A.allele.2","A*02","SLFNAVATL","Gag"
2469,"A.allele.2","A*02","SLFNTIATL","Gag"
2469,"A.allele.2","A*02","SLFNTIAVL","Gag"
2469,"A.allele.2","A*02","SLFNTVATL","Gag"
2469,"A.allele.2","A*02","SLFNTVAVL","Gag"
2469,"A.allele.2","A*02","SLHNAVAVL","Gag"
2469,"A.allele.2","A*02","SLHNTVATL","Gag"
2469,"A.allele.2","A*02","SLHNTVAVL","Gag"
2469,"A.allele.2","A*02","SLYATVATL","Gag"
2469,"A.allele.2","A*02","SLYNAIATL","Gag"
2469,"A.allele.2","A*02","SLYNAVATL","Gag"
2469,"A.allele.2","A*02","SLYNAVATL","Gag"
2469,"A.allele.2","A*02","SLYNLVAVL","Gag"
2469,"A.allele.2","A*02","SLYNTIATL","Gag"
2469,"A.allele.2","A*02","SLYNTIAVL","Gag"
2469,"A.allele.2","A*02","SLYNTVAAL","Gag"
2469,"A.allele.2","A*02","SLYNTVATL","Gag"
2469,"A.allele.2","A*02","SLYNTVAVL","Gag"
2469,"A.allele.2","A*02","SLYNVVATL","Gag"
2469,"A.allele.2","A*02","AAIDLSHFL","Nef"
2469,"A.allele.2","A*02","AALDLSHFL","Nef"
2469,"A.allele.2","A*02","GAFDLSFFL","Nef"
2469,"A.allele.2","A*02","GALDLSHFL","Nef"
2469,"A.allele.2","A*02","GARDLSHFL","Nef"
2469,"A.allele.2","A*02","GAVDLSHFL","Nef"
2469,"A.allele.2","A*02","EIYQYMDDL","Pol"
2469,"A.allele.2","A*02","ILKDPVHGV","Pol"
2469,"A.allele.2","A*02","ILKELVHGV","Pol"
2469,"A.allele.2","A*02","LVGPTPANI","Pol"
2469,"A.allele.2","A*02","VIYQYVDDL","Pol"
2470,"A.allele.2","A*03","KIRLRPGGQ","Gag"
2470,"A.allele.2","A*03","KIRLRPGGR","Gag"
2470,"A.allele.2","A*03","RIRLRPGGK","Gag"
2470,"A.allele.2","A*03","RIRLRPGGR","Gag"
2470,"A.allele.2","A*03","RLRPGGKKC","Gag"
2470,"A.allele.2","A*03","RLRPGGKKQ","Gag"
2470,"A.allele.2","A*03","RLRPGGKKR","Gag"
2470,"A.allele.2","A*03","RLRPGGKQK","Gag"
2470,"A.allele.2","A*03","RLRPGGRKT","Gag"
2470,"A.allele.2","A*03","ALDISHFLK","Nef"
2470,"A.allele.2","A*03","ALDLSHFLK","Nef"
2470,"A.allele.2","A*03","ALDLSHFLR","Nef"
2470,"A.allele.2","A*03","ALDMSHFLK","Nef"
2470,"A.allele.2","A*03","ALNLSHFLK","Nef"
2470,"A.allele.2","A*03","QVPLRPMSYR","Nef"
2470,"A.allele.2","A*03","QVPLRPMTRR","Nef"
2470,"A.allele.2","A*03","QVPVRPMTFK","Nef"
2470,"A.allele.2","A*03","AIFLSSMTK","Pol"
2470,"A.allele.2","A*03","AIFQSSMLK","Pol"
2470,"A.allele.2","A*03","AIFQSSMTK","Pol"
2470,"A.allele.2","A*03","AIFQSSMTR","Pol"
2470,"A.allele.2","A*03","AIFQSSMTT","Pol"
2470,"A.allele.2","A*03","AVFVHNFKRK","Pol"
2470,"A.allele.2","A*03","KVVDFRELNK","Pol"
2470,"A.allele.2","A*03","TISQSSMTK","Pol"
2531,"A.allele.2","A*11","ACQGVGGPSHK","Gag"
2531,"A.allele.2","A*11","AVDLSHFLR","Nef"
2531,"A.allele.2","A*11","AIFQSSMTR","Pol"
2531,"A.allele.2","A*11","AIFQSSMTT","Pol"
2606,"A.allele.2","A*25",NA,NA
2647,"A.allele.2","A*68","AIFQSSMTT","Pol"
2661,"A.allele.2","A*02","ALYNTAAAL","Gag"
2661,"A.allele.2","A*02","KSLFNTIATLY","Gag"
2661,"A.allele.2","A*02","KSLFNTIAVLY","Gag"
2661,"A.allele.2","A*02","KSLFNTVATLC","Gag"
2661,"A.allele.2","A*02","KSLFNTVATLY","Gag"
2661,"A.allele.2","A*02","KSLFNTVAVLY","Gag"
2661,"A.allele.2","A*02","KSLYNTIATLY","Gag"
2661,"A.allele.2","A*02","KSLYNTIAVLY","Gag"
2661,"A.allele.2","A*02","KSLYNTVAVLY","Gag"
2661,"A.allele.2","A*02","RSLFNTIATLF","Gag"
2661,"A.allele.2","A*02","RSLFNTIATLY","Gag"
2661,"A.allele.2","A*02","RSLFNTIAVLY","Gag"
2661,"A.allele.2","A*02","RSLFNTVATLY","Gag"
2661,"A.allele.2","A*02","RSLFNTVAVLY","Gag"
2661,"A.allele.2","A*02","RSLYNTIATLY","Gag"
2661,"A.allele.2","A*02","RSLYNTIAVLY","Gag"
2661,"A.allele.2","A*02","RSLYNTVATLC","Gag"
2661,"A.allele.2","A*02","RSLYNTVAVLY","Gag"
2661,"A.allele.2","A*02","SLANTVATL","Gag"
2661,"A.allele.2","A*02","SLFNAVATL","Gag"
2661,"A.allele.2","A*02","SLFNTIATL","Gag"
2661,"A.allele.2","A*02","SLFNTIAVL","Gag"
2661,"A.allele.2","A*02","SLFNTVATL","Gag"
2661,"A.allele.2","A*02","SLFNTVAVL","Gag"
2661,"A.allele.2","A*02","SLHNAVAVL","Gag"
2661,"A.allele.2","A*02","SLHNTVATL","Gag"
2661,"A.allele.2","A*02","SLHNTVAVL","Gag"
2661,"A.allele.2","A*02","SLYATVATL","Gag"
2661,"A.allele.2","A*02","SLYNAIATL","Gag"
2661,"A.allele.2","A*02","SLYNAVATL","Gag"
2661,"A.allele.2","A*02","SLYNAVATL","Gag"
2661,"A.allele.2","A*02","SLYNLVAVL","Gag"
2661,"A.allele.2","A*02","SLYNTIATL","Gag"
2661,"A.allele.2","A*02","SLYNTIAVL","Gag"
2661,"A.allele.2","A*02","SLYNTVAAL","Gag"
2661,"A.allele.2","A*02","SLYNTVATL","Gag"
2661,"A.allele.2","A*02","SLYNTVAVL","Gag"
2661,"A.allele.2","A*02","SLYNVVATL","Gag"
2661,"A.allele.2","A*02","AAIDLSHFL","Nef"
2661,"A.allele.2","A*02","AALDLSHFL","Nef"
2661,"A.allele.2","A*02","GAFDLSFFL","Nef"
2661,"A.allele.2","A*02","GALDLSHFL","Nef"
2661,"A.allele.2","A*02","GARDLSHFL","Nef"
2661,"A.allele.2","A*02","GAVDLSHFL","Nef"
2661,"A.allele.2","A*02","EIYQYMDDL","Pol"
2661,"A.allele.2","A*02","ILKDPVHGV","Pol"
2661,"A.allele.2","A*02","ILKELVHGV","Pol"
2661,"A.allele.2","A*02","LVGPTPANI","Pol"
2661,"A.allele.2","A*02","VIYQYVDDL","Pol"
2664,"A.allele.2","A*11","ACQGVGGPSHK","Gag"
2664,"A.allele.2","A*11","AVDLSHFLR","Nef"
2664,"A.allele.2","A*11","AIFQSSMTR","Pol"
2664,"A.allele.2","A*11","AIFQSSMTT","Pol"
3632,"A.allele.2","A*24","KYRLKHIVW","Gag"
3632,"A.allele.2","A*24","QYKLKHIVW","Gag"
3632,"A.allele.2","A*24","RFPLCFGW","Nef"
3632,"A.allele.2","A*24","RFPLTFGW","Nef"
3632,"A.allele.2","A*24","RFPLTFGWCY","Nef"
3632,"A.allele.2","A*24","RYPLCFGW","Nef"
3632,"A.allele.2","A*24","RYPLMFGW","Nef"
3632,"A.allele.2","A*24","RYPLTLGW","Nef"
2013,"A.allele.2","A*24","KYRLKHIVW","Gag"
2013,"A.allele.2","A*24","QYKLKHIVW","Gag"
2013,"A.allele.2","A*24","RFPLCFGW","Nef"
2013,"A.allele.2","A*24","RFPLTFGW","Nef"
2013,"A.allele.2","A*24","RFPLTFGWCY","Nef"
2013,"A.allele.2","A*24","RYPLCFGW","Nef"
2013,"A.allele.2","A*24","RYPLMFGW","Nef"
2013,"A.allele.2","A*24","RYPLTLGW","Nef"
2026,"A.allele.2","A*32",NA,NA
2046,"A.allele.2","A*24","KYRLKHIVW","Gag"
2046,"A.allele.2","A*24","QYKLKHIVW","Gag"
2046,"A.allele.2","A*24","RFPLCFGW","Nef"
2046,"A.allele.2","A*24","RFPLTFGW","Nef"
2046,"A.allele.2","A*24","RFPLTFGWCY","Nef"
2046,"A.allele.2","A*24","RYPLCFGW","Nef"
2046,"A.allele.2","A*24","RYPLMFGW","Nef"
2046,"A.allele.2","A*24","RYPLTLGW","Nef"
2115,"A.allele.2","A*03","KIRLRPGGQ","Gag"
2115,"A.allele.2","A*03","KIRLRPGGR","Gag"
2115,"A.allele.2","A*03","RIRLRPGGK","Gag"
2115,"A.allele.2","A*03","RIRLRPGGR","Gag"
2115,"A.allele.2","A*03","RLRPGGKKC","Gag"
2115,"A.allele.2","A*03","RLRPGGKKQ","Gag"
2115,"A.allele.2","A*03","RLRPGGKKR","Gag"
2115,"A.allele.2","A*03","RLRPGGKQK","Gag"
2115,"A.allele.2","A*03","RLRPGGRKT","Gag"
2115,"A.allele.2","A*03","ALDISHFLK","Nef"
2115,"A.allele.2","A*03","ALDLSHFLK","Nef"
2115,"A.allele.2","A*03","ALDLSHFLR","Nef"
2115,"A.allele.2","A*03","ALDMSHFLK","Nef"
2115,"A.allele.2","A*03","ALNLSHFLK","Nef"
2115,"A.allele.2","A*03","QVPLRPMSYR","Nef"
2115,"A.allele.2","A*03","QVPLRPMTRR","Nef"
2115,"A.allele.2","A*03","QVPVRPMTFK","Nef"
2115,"A.allele.2","A*03","AIFLSSMTK","Pol"
2115,"A.allele.2","A*03","AIFQSSMLK","Pol"
2115,"A.allele.2","A*03","AIFQSSMTK","Pol"
2115,"A.allele.2","A*03","AIFQSSMTR","Pol"
2115,"A.allele.2","A*03","AIFQSSMTT","Pol"
2115,"A.allele.2","A*03","AVFVHNFKRK","Pol"
2115,"A.allele.2","A*03","KVVDFRELNK","Pol"
2115,"A.allele.2","A*03","TISQSSMTK","Pol"
2275,"A.allele.2","A*03","KIRLRPGGQ","Gag"
2275,"A.allele.2","A*03","KIRLRPGGR","Gag"
2275,"A.allele.2","A*03","RIRLRPGGK","Gag"
2275,"A.allele.2","A*03","RIRLRPGGR","Gag"
2275,"A.allele.2","A*03","RLRPGGKKC","Gag"
2275,"A.allele.2","A*03","RLRPGGKKQ","Gag"
2275,"A.allele.2","A*03","RLRPGGKKR","Gag"
2275,"A.allele.2","A*03","RLRPGGKQK","Gag"
2275,"A.allele.2","A*03","RLRPGGRKT","Gag"
2275,"A.allele.2","A*03","ALDISHFLK","Nef"
2275,"A.allele.2","A*03","ALDLSHFLK","Nef"
2275,"A.allele.2","A*03","ALDLSHFLR","Nef"
2275,"A.allele.2","A*03","ALDMSHFLK","Nef"
2275,"A.allele.2","A*03","ALNLSHFLK","Nef"
2275,"A.allele.2","A*03","QVPLRPMSYR","Nef"
2275,"A.allele.2","A*03","QVPLRPMTRR","Nef"
2275,"A.allele.2","A*03","QVPVRPMTFK","Nef"
2275,"A.allele.2","A*03","AIFLSSMTK","Pol"
2275,"A.allele.2","A*03","AIFQSSMLK","Pol"
2275,"A.allele.2","A*03","AIFQSSMTK","Pol"
2275,"A.allele.2","A*03","AIFQSSMTR","Pol"
2275,"A.allele.2","A*03","AIFQSSMTT","Pol"
2275,"A.allele.2","A*03","AVFVHNFKRK","Pol"
2275,"A.allele.2","A*03","KVVDFRELNK","Pol"
2275,"A.allele.2","A*03","TISQSSMTK","Pol"
2518,"A.allele.2","A*02","ALYNTAAAL","Gag"
2518,"A.allele.2","A*02","KSLFNTIATLY","Gag"
2518,"A.allele.2","A*02","KSLFNTIAVLY","Gag"
2518,"A.allele.2","A*02","KSLFNTVATLC","Gag"
2518,"A.allele.2","A*02","KSLFNTVATLY","Gag"
2518,"A.allele.2","A*02","KSLFNTVAVLY","Gag"
2518,"A.allele.2","A*02","KSLYNTIATLY","Gag"
2518,"A.allele.2","A*02","KSLYNTIAVLY","Gag"
2518,"A.allele.2","A*02","KSLYNTVAVLY","Gag"
2518,"A.allele.2","A*02","RSLFNTIATLF","Gag"
2518,"A.allele.2","A*02","RSLFNTIATLY","Gag"
2518,"A.allele.2","A*02","RSLFNTIAVLY","Gag"
2518,"A.allele.2","A*02","RSLFNTVATLY","Gag"
2518,"A.allele.2","A*02","RSLFNTVAVLY","Gag"
2518,"A.allele.2","A*02","RSLYNTIATLY","Gag"
2518,"A.allele.2","A*02","RSLYNTIAVLY","Gag"
2518,"A.allele.2","A*02","RSLYNTVATLC","Gag"
2518,"A.allele.2","A*02","RSLYNTVAVLY","Gag"
2518,"A.allele.2","A*02","SLANTVATL","Gag"
2518,"A.allele.2","A*02","SLFNAVATL","Gag"
2518,"A.allele.2","A*02","SLFNTIATL","Gag"
2518,"A.allele.2","A*02","SLFNTIAVL","Gag"
2518,"A.allele.2","A*02","SLFNTVATL","Gag"
2518,"A.allele.2","A*02","SLFNTVAVL","Gag"
2518,"A.allele.2","A*02","SLHNAVAVL","Gag"
2518,"A.allele.2","A*02","SLHNTVATL","Gag"
2518,"A.allele.2","A*02","SLHNTVAVL","Gag"
2518,"A.allele.2","A*02","SLYATVATL","Gag"
2518,"A.allele.2","A*02","SLYNAIATL","Gag"
2518,"A.allele.2","A*02","SLYNAVATL","Gag"
2518,"A.allele.2","A*02","SLYNAVATL","Gag"
2518,"A.allele.2","A*02","SLYNLVAVL","Gag"
2518,"A.allele.2","A*02","SLYNTIATL","Gag"
2518,"A.allele.2","A*02","SLYNTIAVL","Gag"
2518,"A.allele.2","A*02","SLYNTVAAL","Gag"
2518,"A.allele.2","A*02","SLYNTVATL","Gag"
2518,"A.allele.2","A*02","SLYNTVAVL","Gag"
2518,"A.allele.2","A*02","SLYNVVATL","Gag"
2518,"A.allele.2","A*02","AAIDLSHFL","Nef"
2518,"A.allele.2","A*02","AALDLSHFL","Nef"
2518,"A.allele.2","A*02","GAFDLSFFL","Nef"
2518,"A.allele.2","A*02","GALDLSHFL","Nef"
2518,"A.allele.2","A*02","GARDLSHFL","Nef"
2518,"A.allele.2","A*02","GAVDLSHFL","Nef"
2518,"A.allele.2","A*02","EIYQYMDDL","Pol"
2518,"A.allele.2","A*02","ILKDPVHGV","Pol"
2518,"A.allele.2","A*02","ILKELVHGV","Pol"
2518,"A.allele.2","A*02","LVGPTPANI","Pol"
2518,"A.allele.2","A*02","VIYQYVDDL","Pol"
1292,"B.allele.1","B*35","NPPIPVGEIY","Gag"
1292,"B.allele.1","B*35","PPIPVGEIY","Gag"
1292,"B.allele.1","B*35","TPQVPLRPMTF","Nef"
1292,"B.allele.1","B*35","TPQVPLRPMTY","Nef"
1292,"B.allele.1","B*35","VPLRPMSY","Nef"
1292,"B.allele.1","B*35","VPLRPMTF","Nef"
1292,"B.allele.1","B*35","VPHDEDFRKY","Pol"
1292,"B.allele.1","B*35","VPLDKDFRKY","Pol"
1292,"B.allele.1","B*35","VPLHEDFRKY","Pol"
1408,"B.allele.1","B*07","RPGGKKHYK","Gag"
1408,"B.allele.1","B*07","RPGGKKHYR","Gag"
1408,"B.allele.1","B*07","RPGGKKQYM","Gag"
1408,"B.allele.1","B*07","RPGGKKSYM","Gag"
1408,"B.allele.1","B*07","TPEDLNTML","Gag"
1408,"B.allele.1","B*07","TPGDLNTML","Gag"
1408,"B.allele.1","B*07","TPQDLNSML","Gag"
1408,"B.allele.1","B*07","TPSDLNTML","Gag"
1408,"B.allele.1","B*07","TPTDLNTML","Gag"
1408,"B.allele.1","B*07","FPVRPQVPLR","Nef"
1756,"B.allele.1","B*35","NPPIPVGEIY","Gag"
1756,"B.allele.1","B*35","PPIPVGEIY","Gag"
1756,"B.allele.1","B*35","TPQVPLRPMTF","Nef"
1756,"B.allele.1","B*35","TPQVPLRPMTY","Nef"
1756,"B.allele.1","B*35","VPLRPMSY","Nef"
1756,"B.allele.1","B*35","VPLRPMTF","Nef"
1756,"B.allele.1","B*35","VPHDEDFRKY","Pol"
1756,"B.allele.1","B*35","VPLDKDFRKY","Pol"
1756,"B.allele.1","B*35","VPLHEDFRKY","Pol"
2208,"B.allele.1","B*07","RPGGKKHYK","Gag"
2208,"B.allele.1","B*07","RPGGKKHYR","Gag"
2208,"B.allele.1","B*07","RPGGKKQYM","Gag"
2208,"B.allele.1","B*07","RPGGKKSYM","Gag"
2208,"B.allele.1","B*07","TPEDLNTML","Gag"
2208,"B.allele.1","B*07","TPGDLNTML","Gag"
2208,"B.allele.1","B*07","TPQDLNSML","Gag"
2208,"B.allele.1","B*07","TPSDLNTML","Gag"
2208,"B.allele.1","B*07","TPTDLNTML","Gag"
2208,"B.allele.1","B*07","FPVRPQVPLR","Nef"
2241,"B.allele.1","B*40","GERIIDLI","Pol"
2241,"B.allele.1","B*40","GERIIDMI","Pol"
2241,"B.allele.1","B*40","GERIVDMI","Pol"
2241,"B.allele.1","B*40","GERLIDII","Pol"
2241,"B.allele.1","B*40","IEAEVISAET","Pol"
2274,"B.allele.1","B*14","DRFYKILRA","Gag"
2274,"B.allele.1","B*14","DRFYKVLRA","Gag"
2274,"B.allele.1","B*14","DRFYRTLRA","Gag"
2278,"B.allele.1","B*08","DCRTILKAL","Gag"
2278,"B.allele.1","B*08","DIYKRWII","Gag"
2278,"B.allele.1","B*08","FIKENGGL","Nef"
2278,"B.allele.1","B*08","FLEENGGL","Nef"
2278,"B.allele.1","B*08","FLKDKGGL","Nef"
2278,"B.allele.1","B*08","FLKEEGGL","Nef"
2278,"B.allele.1","B*08","FLKEMGGL","Nef"
2278,"B.allele.1","B*08","FLKENGGL","Nef"
2278,"B.allele.1","B*08","FLKEQGGL","Nef"
2278,"B.allele.1","B*08","FLKGNGGL","Nef"
2278,"B.allele.1","B*08","FLRDKGGL","Nef"
2278,"B.allele.1","B*08","FLREKGGL","Nef"
2286,"B.allele.1","B*07","RPGGKKHYK","Gag"
2286,"B.allele.1","B*07","RPGGKKHYR","Gag"
2286,"B.allele.1","B*07","RPGGKKQYM","Gag"
2286,"B.allele.1","B*07","RPGGKKSYM","Gag"
2286,"B.allele.1","B*07","TPEDLNTML","Gag"
2286,"B.allele.1","B*07","TPGDLNTML","Gag"
2286,"B.allele.1","B*07","TPQDLNSML","Gag"
2286,"B.allele.1","B*07","TPSDLNTML","Gag"
2286,"B.allele.1","B*07","TPTDLNTML","Gag"
2286,"B.allele.1","B*07","FPVRPQVPLR","Nef"
2302,"B.allele.1","B*08","DCRTILKAL","Gag"
2302,"B.allele.1","B*08","DIYKRWII","Gag"
2302,"B.allele.1","B*08","FIKENGGL","Nef"
2302,"B.allele.1","B*08","FLEENGGL","Nef"
2302,"B.allele.1","B*08","FLKDKGGL","Nef"
2302,"B.allele.1","B*08","FLKEEGGL","Nef"
2302,"B.allele.1","B*08","FLKEMGGL","Nef"
2302,"B.allele.1","B*08","FLKENGGL","Nef"
2302,"B.allele.1","B*08","FLKEQGGL","Nef"
2302,"B.allele.1","B*08","FLKGNGGL","Nef"
2302,"B.allele.1","B*08","FLRDKGGL","Nef"
2302,"B.allele.1","B*08","FLREKGGL","Nef"
2303,"B.allele.1","B*07","RPGGKKHYK","Gag"
2303,"B.allele.1","B*07","RPGGKKHYR","Gag"
2303,"B.allele.1","B*07","RPGGKKQYM","Gag"
2303,"B.allele.1","B*07","RPGGKKSYM","Gag"
2303,"B.allele.1","B*07","TPEDLNTML","Gag"
2303,"B.allele.1","B*07","TPGDLNTML","Gag"
2303,"B.allele.1","B*07","TPQDLNSML","Gag"
2303,"B.allele.1","B*07","TPSDLNTML","Gag"
2303,"B.allele.1","B*07","TPTDLNTML","Gag"
2303,"B.allele.1","B*07","FPVRPQVPLR","Nef"
2452,"B.allele.1","B*07","RPGGKKHYK","Gag"
2452,"B.allele.1","B*07","RPGGKKHYR","Gag"
2452,"B.allele.1","B*07","RPGGKKQYM","Gag"
2452,"B.allele.1","B*07","RPGGKKSYM","Gag"
2452,"B.allele.1","B*07","TPEDLNTML","Gag"
2452,"B.allele.1","B*07","TPGDLNTML","Gag"
2452,"B.allele.1","B*07","TPQDLNSML","Gag"
2452,"B.allele.1","B*07","TPSDLNTML","Gag"
2452,"B.allele.1","B*07","TPTDLNTML","Gag"
2452,"B.allele.1","B*07","FPVRPQVPLR","Nef"
2454,"B.allele.1","B*07","RPGGKKHYK","Gag"
2454,"B.allele.1","B*07","RPGGKKHYR","Gag"
2454,"B.allele.1","B*07","RPGGKKQYM","Gag"
2454,"B.allele.1","B*07","RPGGKKSYM","Gag"
2454,"B.allele.1","B*07","TPEDLNTML","Gag"
2454,"B.allele.1","B*07","TPGDLNTML","Gag"
2454,"B.allele.1","B*07","TPQDLNSML","Gag"
2454,"B.allele.1","B*07","TPSDLNTML","Gag"
2454,"B.allele.1","B*07","TPTDLNTML","Gag"
2454,"B.allele.1","B*07","FPVRPQVPLR","Nef"
2469,"B.allele.1","B*15","VKVVEEKAF","Gag"
2469,"B.allele.1","B*15","ILKAPVHGAY","Pol"
2469,"B.allele.1","B*15","ILKEPVHGAY","Pol"
2469,"B.allele.1","B*15","ILKESVHGAY","Pol"
2469,"B.allele.1","B*15","ILKETVHGAY","Pol"
2469,"B.allele.1","B*15","ILKKPVHGAY","Pol"
2469,"B.allele.1","B*15","ILREPVHGAY","Pol"
2469,"B.allele.1","B*15","ILREPVHGVY","Pol"
2469,"B.allele.1","B*15","RKAKILRDY","Pol"
2469,"B.allele.1","B*15","RKAKILRHY","Pol"
2469,"B.allele.1","B*15","RKVKIIRDY","Pol"
2470,"B.allele.1","B*41",NA,NA
2531,"B.allele.1","B*08","DCRTILKAL","Gag"
2531,"B.allele.1","B*08","DIYKRWII","Gag"
2531,"B.allele.1","B*08","FIKENGGL","Nef"
2531,"B.allele.1","B*08","FLEENGGL","Nef"
2531,"B.allele.1","B*08","FLKDKGGL","Nef"
2531,"B.allele.1","B*08","FLKEEGGL","Nef"
2531,"B.allele.1","B*08","FLKEMGGL","Nef"
2531,"B.allele.1","B*08","FLKENGGL","Nef"
2531,"B.allele.1","B*08","FLKEQGGL","Nef"
2531,"B.allele.1","B*08","FLKGNGGL","Nef"
2531,"B.allele.1","B*08","FLRDKGGL","Nef"
2531,"B.allele.1","B*08","FLREKGGL","Nef"
2606,"B.allele.1","B*15","VKVVEEKAF","Gag"
2606,"B.allele.1","B*15","ILKAPVHGAY","Pol"
2606,"B.allele.1","B*15","ILKEPVHGAY","Pol"
2606,"B.allele.1","B*15","ILKESVHGAY","Pol"
2606,"B.allele.1","B*15","ILKETVHGAY","Pol"
2606,"B.allele.1","B*15","ILKKPVHGAY","Pol"
2606,"B.allele.1","B*15","ILREPVHGAY","Pol"
2606,"B.allele.1","B*15","ILREPVHGVY","Pol"
2606,"B.allele.1","B*15","RKAKILRDY","Pol"
2606,"B.allele.1","B*15","RKAKILRHY","Pol"
2606,"B.allele.1","B*15","RKVKIIRDY","Pol"
2647,"B.allele.1","B*27","KGWIILGLNK","Gag"
2647,"B.allele.1","B*27","KGWIILGLNK","Gag"
2647,"B.allele.1","B*27","KKWIILGLNK","Gag"
2647,"B.allele.1","B*27","KKWIIMGLHK","Gag"
2647,"B.allele.1","B*27","KKWIIMGLNK","Gag"
2647,"B.allele.1","B*27","KKWIVLGLNK","Gag"
2647,"B.allele.1","B*27","KQWIILGLNK","Gag"
2647,"B.allele.1","B*27","KQWIIMGLNK","Gag"
2647,"B.allele.1","B*27","KRWIIMGLNK","Gag"
2647,"B.allele.1","B*27","KTWIILGLNK","Gag"
2647,"B.allele.1","B*27","KTWIIMGLNK","Gag"
2647,"B.allele.1","B*27","WKFDSRLAF","Nef"
2647,"B.allele.1","B*27","KKKGGIGGY","Pol"
2647,"B.allele.1","B*27","KRKGGIGEY","Pol"
2647,"B.allele.1","B*27","KRRGGIGGY","Pol"
2661,"B.allele.1","B*44",NA,NA
2664,"B.allele.1","B*35","NPPIPVGEIY","Gag"
2664,"B.allele.1","B*35","PPIPVGEIY","Gag"
2664,"B.allele.1","B*35","TPQVPLRPMTF","Nef"
2664,"B.allele.1","B*35","TPQVPLRPMTY","Nef"
2664,"B.allele.1","B*35","VPLRPMSY","Nef"
2664,"B.allele.1","B*35","VPLRPMTF","Nef"
2664,"B.allele.1","B*35","VPHDEDFRKY","Pol"
2664,"B.allele.1","B*35","VPLDKDFRKY","Pol"
2664,"B.allele.1","B*35","VPLHEDFRKY","Pol"
3632,"B.allele.1","B*07","RPGGKKHYK","Gag"
3632,"B.allele.1","B*07","RPGGKKHYR","Gag"
3632,"B.allele.1","B*07","RPGGKKQYM","Gag"
3632,"B.allele.1","B*07","RPGGKKSYM","Gag"
3632,"B.allele.1","B*07","TPEDLNTML","Gag"
3632,"B.allele.1","B*07","TPGDLNTML","Gag"
3632,"B.allele.1","B*07","TPQDLNSML","Gag"
3632,"B.allele.1","B*07","TPSDLNTML","Gag"
3632,"B.allele.1","B*07","TPTDLNTML","Gag"
3632,"B.allele.1","B*07","FPVRPQVPLR","Nef"
2013,"B.allele.1","B*07","RPGGKKHYK","Gag"
2013,"B.allele.1","B*07","RPGGKKHYR","Gag"
2013,"B.allele.1","B*07","RPGGKKQYM","Gag"
2013,"B.allele.1","B*07","RPGGKKSYM","Gag"
2013,"B.allele.1","B*07","TPEDLNTML","Gag"
2013,"B.allele.1","B*07","TPGDLNTML","Gag"
2013,"B.allele.1","B*07","TPQDLNSML","Gag"
2013,"B.allele.1","B*07","TPSDLNTML","Gag"
2013,"B.allele.1","B*07","TPTDLNTML","Gag"
2013,"B.allele.1","B*07","FPVRPQVPLR","Nef"
2026,"B.allele.1","B*14","DRFYKILRA","Gag"
2026,"B.allele.1","B*14","DRFYKVLRA","Gag"
2026,"B.allele.1","B*14","DRFYRTLRA","Gag"
2046,"B.allele.1","B*38",NA,NA
2115,"B.allele.1","B*07","RPGGKKHYK","Gag"
2115,"B.allele.1","B*07","RPGGKKHYR","Gag"
2115,"B.allele.1","B*07","RPGGKKQYM","Gag"
2115,"B.allele.1","B*07","RPGGKKSYM","Gag"
2115,"B.allele.1","B*07","TPEDLNTML","Gag"
2115,"B.allele.1","B*07","TPGDLNTML","Gag"
2115,"B.allele.1","B*07","TPQDLNSML","Gag"
2115,"B.allele.1","B*07","TPSDLNTML","Gag"
2115,"B.allele.1","B*07","TPTDLNTML","Gag"
2115,"B.allele.1","B*07","FPVRPQVPLR","Nef"
2275,"B.allele.1","B*35","NPPIPVGEIY","Gag"
2275,"B.allele.1","B*35","PPIPVGEIY","Gag"
2275,"B.allele.1","B*35","TPQVPLRPMTF","Nef"
2275,"B.allele.1","B*35","TPQVPLRPMTY","Nef"
2275,"B.allele.1","B*35","VPLRPMSY","Nef"
2275,"B.allele.1","B*35","VPLRPMTF","Nef"
2275,"B.allele.1","B*35","VPHDEDFRKY","Pol"
2275,"B.allele.1","B*35","VPLDKDFRKY","Pol"
2275,"B.allele.1","B*35","VPLHEDFRKY","Pol"
2518,"B.allele.1","B*40","GERIIDLI","Pol"
2518,"B.allele.1","B*40","GERIIDMI","Pol"
2518,"B.allele.1","B*40","GERIVDMI","Pol"
2518,"B.allele.1","B*40","GERLIDII","Pol"
2518,"B.allele.1","B*40","IEAEVISAET","Pol"
1292,"B.allele.2","B*44",NA,NA
1408,"B.allele.2","B*41",NA,NA
1756,"B.allele.2","B*52",NA,NA
2208,"B.allele.2","B*57","IAPRTLNAR","Gag"
2208,"B.allele.2","B*57","KAFSPGVIPMF","Gag"
2208,"B.allele.2","B*57","KAFSQEVIPMF","Gag"
2208,"B.allele.2","B*57","KGFKPEVIPMF","Gag"
2208,"B.allele.2","B*57","KGFNPEVIPMF","Gag"
2208,"B.allele.2","B*57","KGFSPEVIPMF","Gag"
2208,"B.allele.2","B*57","KNFSPEVIPMF","Gag"
2208,"B.allele.2","B*57","KSFSPEVIPMF","Gag"
2208,"B.allele.2","B*57","KXFKPEVIPMF","Gag"
2208,"B.allele.2","B*57","LSPRTLNAW","Gag"
2208,"B.allele.2","B*57","MSPRTLNAW","Gag"
2208,"B.allele.2","B*57","PSPRTLNAW","Gag"
2208,"B.allele.2","B*57","QASQDVKNW","Gag"
2208,"B.allele.2","B*57","RAPRTLNAW","Gag"
2208,"B.allele.2","B*57","TSNLQEQIAW","Gag"
2208,"B.allele.2","B*57","TSNLQEQIDW","Gag"
2208,"B.allele.2","B*57","TSNLQEQIGW","Gag"
2208,"B.allele.2","B*57","TSNLQEQITR","Gag"
2208,"B.allele.2","B*57","TSTLQEQIAW","Gag"
2208,"B.allele.2","B*57","TSTLQEQMAW","Gag"
2208,"B.allele.2","B*57","TSTLQEQVAW","Gag"
2208,"B.allele.2","B*57","KGAFDLSFF","Nef"
2208,"B.allele.2","B*57","ITLPEKESW","Pol"
2208,"B.allele.2","B*57","ITLPEKGSW","Pol"
2208,"B.allele.2","B*57","SNTVKAACWW","Pol"
2208,"B.allele.2","B*57","STAVKAACWW","Pol"
2241,"B.allele.2","B*55",NA,NA
2274,"B.allele.2","B*15","VKVVEEKAF","Gag"
2274,"B.allele.2","B*15","ILKAPVHGAY","Pol"
2274,"B.allele.2","B*15","ILKEPVHGAY","Pol"
2274,"B.allele.2","B*15","ILKESVHGAY","Pol"
2274,"B.allele.2","B*15","ILKETVHGAY","Pol"
2274,"B.allele.2","B*15","ILKKPVHGAY","Pol"
2274,"B.allele.2","B*15","ILREPVHGAY","Pol"
2274,"B.allele.2","B*15","ILREPVHGVY","Pol"
2274,"B.allele.2","B*15","RKAKILRDY","Pol"
2274,"B.allele.2","B*15","RKAKILRHY","Pol"
2274,"B.allele.2","B*15","RKVKIIRDY","Pol"
2278,"B.allele.2","B*14","DRFYKILRA","Gag"
2278,"B.allele.2","B*14","DRFYKVLRA","Gag"
2278,"B.allele.2","B*14","DRFYRTLRA","Gag"
2286,"B.allele.2","B*51","TAFTIPSL","Pol"
2286,"B.allele.2","B*51","TAFTIPSR","Pol"
2286,"B.allele.2","B*51","TAFTIPST","Pol"
2286,"B.allele.2","B*51","TAFTIPSV","Pol"
2286,"B.allele.2","B*51","TAFTIPSX","Pol"
2286,"B.allele.2","B*51","TVFTIPSI","Pol"
2302,"B.allele.2","B*18",NA,NA
2303,"B.allele.2","B*13","GQMVHQAL","Gag"
2303,"B.allele.2","B*13","GQMVHQSI","Gag"
2303,"B.allele.2","B*13","RQANFLGKL","Gag"
2303,"B.allele.2","B*13","RQANFLGKM","Gag"
2303,"B.allele.2","B*13","RQANFLGKV","Gag"
2303,"B.allele.2","B*13","RQANFLGRI","Gag"
2303,"B.allele.2","B*13","RQANFLGRL","Gag"
2303,"B.allele.2","B*13","RQANFLGRM","Gag"
2303,"B.allele.2","B*13","RRDILDLWI","Nef"
2303,"B.allele.2","B*13","GNGQWTYQI","Pol"
2303,"B.allele.2","B*13","RQYDQISIEI","Pol"
2452,"B.allele.2","B*15","VKVVEEKAF","Gag"
2452,"B.allele.2","B*15","ILKAPVHGAY","Pol"
2452,"B.allele.2","B*15","ILKEPVHGAY","Pol"
2452,"B.allele.2","B*15","ILKESVHGAY","Pol"
2452,"B.allele.2","B*15","ILKETVHGAY","Pol"
2452,"B.allele.2","B*15","ILKKPVHGAY","Pol"
2452,"B.allele.2","B*15","ILREPVHGAY","Pol"
2452,"B.allele.2","B*15","ILREPVHGVY","Pol"
2452,"B.allele.2","B*15","RKAKILRDY","Pol"
2452,"B.allele.2","B*15","RKAKILRHY","Pol"
2452,"B.allele.2","B*15","RKVKIIRDY","Pol"
2454,"B.allele.2","B*07","RPGGKKHYK","Gag"
2454,"B.allele.2","B*07","RPGGKKHYR","Gag"
2454,"B.allele.2","B*07","RPGGKKQYM","Gag"
2454,"B.allele.2","B*07","RPGGKKSYM","Gag"
2454,"B.allele.2","B*07","TPEDLNTML","Gag"
2454,"B.allele.2","B*07","TPGDLNTML","Gag"
2454,"B.allele.2","B*07","TPQDLNSML","Gag"
2454,"B.allele.2","B*07","TPSDLNTML","Gag"
2454,"B.allele.2","B*07","TPTDLNTML","Gag"
2454,"B.allele.2","B*07","FPVRPQVPLR","Nef"
2469,"B.allele.2","B*40","GERIIDLI","Pol"
2469,"B.allele.2","B*40","GERIIDMI","Pol"
2469,"B.allele.2","B*40","GERIVDMI","Pol"
2469,"B.allele.2","B*40","GERLIDII","Pol"
2469,"B.allele.2","B*40","IEAEVISAET","Pol"
2470,"B.allele.2","B*49",NA,NA
2531,"B.allele.2","B*14","DRFYKILRA","Gag"
2531,"B.allele.2","B*14","DRFYKVLRA","Gag"
2531,"B.allele.2","B*14","DRFYRTLRA","Gag"
2606,"B.allele.2","B*18",NA,NA
2647,"B.allele.2","B*49",NA,NA
2661,"B.allele.2","B*51","TAFTIPSL","Pol"
2661,"B.allele.2","B*51","TAFTIPSR","Pol"
2661,"B.allele.2","B*51","TAFTIPST","Pol"
2661,"B.allele.2","B*51","TAFTIPSV","Pol"
2661,"B.allele.2","B*51","TAFTIPSX","Pol"
2661,"B.allele.2","B*51","TVFTIPSI","Pol"
2664,"B.allele.2","B*51","TAFTIPSL","Pol"
2664,"B.allele.2","B*51","TAFTIPSR","Pol"
2664,"B.allele.2","B*51","TAFTIPST","Pol"
2664,"B.allele.2","B*51","TAFTIPSV","Pol"
2664,"B.allele.2","B*51","TAFTIPSX","Pol"
2664,"B.allele.2","B*51","TVFTIPSI","Pol"
3632,"B.allele.2","B*13","GQMVHQAL","Gag"
3632,"B.allele.2","B*13","GQMVHQSI","Gag"
3632,"B.allele.2","B*13","RQANFLGKL","Gag"
3632,"B.allele.2","B*13","RQANFLGKM","Gag"
3632,"B.allele.2","B*13","RQANFLGKV","Gag"
3632,"B.allele.2","B*13","RQANFLGRI","Gag"
3632,"B.allele.2","B*13","RQANFLGRL","Gag"
3632,"B.allele.2","B*13","RQANFLGRM","Gag"
3632,"B.allele.2","B*13","RRDILDLWI","Nef"
3632,"B.allele.2","B*13","GNGQWTYQI","Pol"
3632,"B.allele.2","B*13","RQYDQISIEI","Pol"
2013,"B.allele.2","B*44",NA,NA
2026,"B.allele.2","B*39","TPEDLNTML","Gag"
2026,"B.allele.2","B*39","TPGDLNTML","Gag"
2026,"B.allele.2","B*39","TPQDLNSML","Gag"
2026,"B.allele.2","B*39","TPSDLNTML","Gag"
2026,"B.allele.2","B*39","TPTDLNTML","Gag"
2046,"B.allele.2","B*57","IAPRTLNAR","Gag"
2046,"B.allele.2","B*57","KAFSPGVIPMF","Gag"
2046,"B.allele.2","B*57","KAFSQEVIPMF","Gag"
2046,"B.allele.2","B*57","KGFKPEVIPMF","Gag"
2046,"B.allele.2","B*57","KGFNPEVIPMF","Gag"
2046,"B.allele.2","B*57","KGFSPEVIPMF","Gag"
2046,"B.allele.2","B*57","KNFSPEVIPMF","Gag"
2046,"B.allele.2","B*57","KSFSPEVIPMF","Gag"
2046,"B.allele.2","B*57","KXFKPEVIPMF","Gag"
2046,"B.allele.2","B*57","LSPRTLNAW","Gag"
2046,"B.allele.2","B*57","MSPRTLNAW","Gag"
2046,"B.allele.2","B*57","PSPRTLNAW","Gag"
2046,"B.allele.2","B*57","QASQDVKNW","Gag"
2046,"B.allele.2","B*57","RAPRTLNAW","Gag"
2046,"B.allele.2","B*57","TSNLQEQIAW","Gag"
2046,"B.allele.2","B*57","TSNLQEQIDW","Gag"
2046,"B.allele.2","B*57","TSNLQEQIGW","Gag"
2046,"B.allele.2","B*57","TSNLQEQITR","Gag"
2046,"B.allele.2","B*57","TSTLQEQIAW","Gag"
2046,"B.allele.2","B*57","TSTLQEQMAW","Gag"
2046,"B.allele.2","B*57","TSTLQEQVAW","Gag"
2046,"B.allele.2","B*57","KGAFDLSFF","Nef"
2046,"B.allele.2","B*57","ITLPEKESW","Pol"
2046,"B.allele.2","B*57","ITLPEKGSW","Pol"
2046,"B.allele.2","B*57","SNTVKAACWW","Pol"
2046,"B.allele.2","B*57","STAVKAACWW","Pol"
2115,"B.allele.2","B*56",NA,NA
2275,"B.allele.2","B*35","NPPIPVGEIY","Gag"
2275,"B.allele.2","B*35","PPIPVGEIY","Gag"
2275,"B.allele.2","B*35","TPQVPLRPMTF","Nef"
2275,"B.allele.2","B*35","TPQVPLRPMTY","Nef"
2275,"B.allele.2","B*35","VPLRPMSY","Nef"
2275,"B.allele.2","B*35","VPLRPMTF","Nef"
2275,"B.allele.2","B*35","VPHDEDFRKY","Pol"
2275,"B.allele.2","B*35","VPLDKDFRKY","Pol"
2275,"B.allele.2","B*35","VPLHEDFRKY","Pol"
2518,"B.allele.2","B*57","IAPRTLNAR","Gag"
2518,"B.allele.2","B*57","KAFSPGVIPMF","Gag"
2518,"B.allele.2","B*57","KAFSQEVIPMF","Gag"
2518,"B.allele.2","B*57","KGFKPEVIPMF","Gag"
2518,"B.allele.2","B*57","KGFNPEVIPMF","Gag"
2518,"B.allele.2","B*57","KGFSPEVIPMF","Gag"
2518,"B.allele.2","B*57","KNFSPEVIPMF","Gag"
2518,"B.allele.2","B*57","KSFSPEVIPMF","Gag"
2518,"B.allele.2","B*57","KXFKPEVIPMF","Gag"
2518,"B.allele.2","B*57","LSPRTLNAW","Gag"
2518,"B.allele.2","B*57","MSPRTLNAW","Gag"
2518,"B.allele.2","B*57","PSPRTLNAW","Gag"
2518,"B.allele.2","B*57","QASQDVKNW","Gag"
2518,"B.allele.2","B*57","RAPRTLNAW","Gag"
2518,"B.allele.2","B*57","TSNLQEQIAW","Gag"
2518,"B.allele.2","B*57","TSNLQEQIDW","Gag"
2518,"B.allele.2","B*57","TSNLQEQIGW","Gag"
2518,"B.allele.2","B*57","TSNLQEQITR","Gag"
2518,"B.allele.2","B*57","TSTLQEQIAW","Gag"
2518,"B.allele.2","B*57","TSTLQEQMAW","Gag"
2518,"B.allele.2","B*57","TSTLQEQVAW","Gag"
2518,"B.allele.2","B*57","KGAFDLSFF","Nef"
2518,"B.allele.2","B*57","ITLPEKESW","Pol"
2518,"B.allele.2","B*57","ITLPEKGSW","Pol"
2518,"B.allele.2","B*57","SNTVKAACWW","Pol"
2518,"B.allele.2","B*57","STAVKAACWW","Pol"
1292,"Cw.allele.1","Cw*04",NA,NA
1408,"Cw.allele.1","Cw*07","KRQDILDLWVY","Nef"
1756,"Cw.allele.1","Cw*04",NA,NA
2208,"Cw.allele.1","Cw*06",NA,NA
2241,"Cw.allele.1","Cw*03","YVDRFFKAL","Gag"
2241,"Cw.allele.1","Cw*03","YVDRFFKIL","Gag"
2241,"Cw.allele.1","Cw*03","YVDRFFKVL","Gag"
2241,"Cw.allele.1","Cw*03","ILREPVHGVY","Pol"
2274,"Cw.allele.1","Cw*03","YVDRFFKAL","Gag"
2274,"Cw.allele.1","Cw*03","YVDRFFKIL","Gag"
2274,"Cw.allele.1","Cw*03","YVDRFFKVL","Gag"
2274,"Cw.allele.1","Cw*03","ILREPVHGVY","Pol"
2278,"Cw.allele.1","Cw*07","KRQDILDLWVY","Nef"
2286,"Cw.allele.1","Cw*01","EVIPMFTAL","Gag"
2286,"Cw.allele.1","Cw*01","YCPVSILDI","Gag"
2286,"Cw.allele.1","Cw*01","YKPVGILDI","Gag"
2286,"Cw.allele.1","Cw*01","YKPVSILDI","Gag"
2286,"Cw.allele.1","Cw*01","YRPVSILDI","Gag"
2286,"Cw.allele.1","Cw*01","YSPTSILDI","Gag"
2286,"Cw.allele.1","Cw*01","NSPT(SPT)RREL","Pol"
2286,"Cw.allele.1","Cw*01","NSPTSPTRREL","Pol"
2286,"Cw.allele.1","Cw*01","TSPTRREL","Pol"
2302,"Cw.allele.1","Cw*07","KRQDILDLWVY","Nef"
2303,"Cw.allele.1","Cw*06",NA,NA
2452,"Cw.allele.1","Cw*03","YVDRFFKAL","Gag"
2452,"Cw.allele.1","Cw*03","YVDRFFKIL","Gag"
2452,"Cw.allele.1","Cw*03","YVDRFFKVL","Gag"
2452,"Cw.allele.1","Cw*03","ILREPVHGVY","Pol"
2454,"Cw.allele.1","Cw*07","KRQDILDLWVY","Nef"
2469,"Cw.allele.1","Cw*03","YVDRFFKAL","Gag"
2469,"Cw.allele.1","Cw*03","YVDRFFKIL","Gag"
2469,"Cw.allele.1","Cw*03","YVDRFFKVL","Gag"
2469,"Cw.allele.1","Cw*03","ILREPVHGVY","Pol"
2470,"Cw.allele.1","Cw*07","KRQDILDLWVY","Nef"
2531,"Cw.allele.1","Cw*07","KRQDILDLWVY","Nef"
2606,"Cw.allele.1","Cw*01","EVIPMFTAL","Gag"
2606,"Cw.allele.1","Cw*01","YCPVSILDI","Gag"
2606,"Cw.allele.1","Cw*01","YKPVGILDI","Gag"
2606,"Cw.allele.1","Cw*01","YKPVSILDI","Gag"
2606,"Cw.allele.1","Cw*01","YRPVSILDI","Gag"
2606,"Cw.allele.1","Cw*01","YSPTSILDI","Gag"
2606,"Cw.allele.1","Cw*01","NSPT(SPT)RREL","Pol"
2606,"Cw.allele.1","Cw*01","NSPTSPTRREL","Pol"
2606,"Cw.allele.1","Cw*01","TSPTRREL","Pol"
2647,"Cw.allele.1","Cw*01","EVIPMFTAL","Gag"
2647,"Cw.allele.1","Cw*01","YCPVSILDI","Gag"
2647,"Cw.allele.1","Cw*01","YKPVGILDI","Gag"
2647,"Cw.allele.1","Cw*01","YKPVSILDI","Gag"
2647,"Cw.allele.1","Cw*01","YRPVSILDI","Gag"
2647,"Cw.allele.1","Cw*01","YSPTSILDI","Gag"
2647,"Cw.allele.1","Cw*01","NSPT(SPT)RREL","Pol"
2647,"Cw.allele.1","Cw*01","NSPTSPTRREL","Pol"
2647,"Cw.allele.1","Cw*01","TSPTRREL","Pol"
2661,"Cw.allele.1","Cw*05",NA,NA
2664,"Cw.allele.1","Cw*04",NA,NA
3632,"Cw.allele.1","Cw*06",NA,NA
2013,"Cw.allele.1","Cw*05",NA,NA
2026,"Cw.allele.1","Cw*07","KRQDILDLWVY","Nef"
2046,"Cw.allele.1","Cw*06",NA,NA
2115,"Cw.allele.1","Cw*01","EVIPMFTAL","Gag"
2115,"Cw.allele.1","Cw*01","YCPVSILDI","Gag"
2115,"Cw.allele.1","Cw*01","YKPVGILDI","Gag"
2115,"Cw.allele.1","Cw*01","YKPVSILDI","Gag"
2115,"Cw.allele.1","Cw*01","YRPVSILDI","Gag"
2115,"Cw.allele.1","Cw*01","YSPTSILDI","Gag"
2115,"Cw.allele.1","Cw*01","NSPT(SPT)RREL","Pol"
2115,"Cw.allele.1","Cw*01","NSPTSPTRREL","Pol"
2115,"Cw.allele.1","Cw*01","TSPTRREL","Pol"
2275,"Cw.allele.1","Cw*04",NA,NA
2518,"Cw.allele.1","Cw*02",NA,NA
1292,"Cw.allele.2","Cw*16",NA,NA
1408,"Cw.allele.2","Cw*17",NA,NA
1756,"Cw.allele.2","Cw*12","ILKEPVHGAY","Pol"
1756,"Cw.allele.2","Cw*12","KQNPDIVIC","Pol"
1756,"Cw.allele.2","Cw*12","KQNPDIVII","Pol"
1756,"Cw.allele.2","Cw*12","KQNPDIVIV","Pol"
2208,"Cw.allele.2","Cw*07","KRQDILDLWVY","Nef"
2241,"Cw.allele.2","Cw*15",NA,NA
2274,"Cw.allele.2","Cw*08","TPEDLNTML","Gag"
2274,"Cw.allele.2","Cw*08","TPGDLNTML","Gag"
2274,"Cw.allele.2","Cw*08","TPQDLNSML","Gag"
2274,"Cw.allele.2","Cw*08","TPSDLNTML","Gag"
2274,"Cw.allele.2","Cw*08","TPTDLNTML","Gag"
2274,"Cw.allele.2","Cw*08","GAFDLSHFL","Nef"
2278,"Cw.allele.2","Cw*08","TPEDLNTML","Gag"
2278,"Cw.allele.2","Cw*08","TPGDLNTML","Gag"
2278,"Cw.allele.2","Cw*08","TPQDLNSML","Gag"
2278,"Cw.allele.2","Cw*08","TPSDLNTML","Gag"
2278,"Cw.allele.2","Cw*08","TPTDLNTML","Gag"
2278,"Cw.allele.2","Cw*08","GAFDLSHFL","Nef"
2286,"Cw.allele.2","Cw*07","KRQDILDLWVY","Nef"
2302,"Cw.allele.2","Cw*12","ILKEPVHGAY","Pol"
2302,"Cw.allele.2","Cw*12","KQNPDIVIC","Pol"
2302,"Cw.allele.2","Cw*12","KQNPDIVII","Pol"
2302,"Cw.allele.2","Cw*12","KQNPDIVIV","Pol"
2303,"Cw.allele.2","Cw*07","KRQDILDLWVY","Nef"
2452,"Cw.allele.2","Cw*07","KRQDILDLWVY","Nef"
2454,"Cw.allele.2","Cw*07","KRQDILDLWVY","Nef"
2469,"Cw.allele.2","Cw*03","YVDRFFKAL","Gag"
2469,"Cw.allele.2","Cw*03","YVDRFFKIL","Gag"
2469,"Cw.allele.2","Cw*03","YVDRFFKVL","Gag"
2469,"Cw.allele.2","Cw*03","ILREPVHGVY","Pol"
2470,"Cw.allele.2","Cw*17",NA,NA
2531,"Cw.allele.2","Cw*08","TPEDLNTML","Gag"
2531,"Cw.allele.2","Cw*08","TPGDLNTML","Gag"
2531,"Cw.allele.2","Cw*08","TPQDLNSML","Gag"
2531,"Cw.allele.2","Cw*08","TPSDLNTML","Gag"
2531,"Cw.allele.2","Cw*08","TPTDLNTML","Gag"
2531,"Cw.allele.2","Cw*08","GAFDLSHFL","Nef"
2606,"Cw.allele.2","Cw*12","ILKEPVHGAY","Pol"
2606,"Cw.allele.2","Cw*12","KQNPDIVIC","Pol"
2606,"Cw.allele.2","Cw*12","KQNPDIVII","Pol"
2606,"Cw.allele.2","Cw*12","KQNPDIVIV","Pol"
2647,"Cw.allele.2","Cw*07","KRQDILDLWVY","Nef"
2661,"Cw.allele.2","Cw*14",NA,NA
2664,"Cw.allele.2","Cw*08","TPEDLNTML","Gag"
2664,"Cw.allele.2","Cw*08","TPGDLNTML","Gag"
2664,"Cw.allele.2","Cw*08","TPQDLNSML","Gag"
2664,"Cw.allele.2","Cw*08","TPSDLNTML","Gag"
2664,"Cw.allele.2","Cw*08","TPTDLNTML","Gag"
2664,"Cw.allele.2","Cw*08","GAFDLSHFL","Nef"
3632,"Cw.allele.2","Cw*07","KRQDILDLWVY","Nef"
2013,"Cw.allele.2","Cw*07","KRQDILDLWVY","Nef"
2026,"Cw.allele.2","Cw*08","TPEDLNTML","Gag"
2026,"Cw.allele.2","Cw*08","TPGDLNTML","Gag"
2026,"Cw.allele.2","Cw*08","TPQDLNSML","Gag"
2026,"Cw.allele.2","Cw*08","TPSDLNTML","Gag"
2026,"Cw.allele.2","Cw*08","TPTDLNTML","Gag"
2026,"Cw.allele.2","Cw*08","GAFDLSHFL","Nef"
2046,"Cw.allele.2","Cw*07","KRQDILDLWVY","Nef"
2115,"Cw.allele.2","Cw*07","KRQDILDLWVY","Nef"
2275,"Cw.allele.2","Cw*12","ILKEPVHGAY","Pol"
2275,"Cw.allele.2","Cw*12","KQNPDIVIC","Pol"
2275,"Cw.allele.2","Cw*12","KQNPDIVII","Pol"
2275,"Cw.allele.2","Cw*12","KQNPDIVIV","Pol"
2518,"Cw.allele.2","Cw*06",NA,NA
