HLA,Variant Epitope ,Protein
A*11,ACQGVGGPSHK,Gag
A*02,ALYNTAAAL,Gag
B*08,DCRTILKAL,Gag
B*08,DIYKRWII,Gag
B*14,DRFYKILRA,Gag
B*14,DRFYKVLRA,Gag
B*14,DRFYRTLRA,Gag
A*26,EVIPMFAAL,Gag
A*26,EVIPMFTAL,Gag
Cw*01,EVIPMFTAL,Gag
B*13,GQMVHQAL,Gag
B*48,GQMVHQPI,Gag
B*13,GQMVHQSI,Gag
B*57,IAPRTLNAR,Gag
B*57,KAFSPGVIPMF,Gag
B*57,KAFSQEVIPMF,Gag
B*57,KGFKPEVIPMF,Gag
B*57,KGFNPEVIPMF,Gag
B*57,KGFSPEVIPMF,Gag
B*27,KGWIILGLNK,Gag
B*27,KGWIILGLNK,Gag
A*03,KIRLRPGGQ,Gag
A*03,KIRLRPGGR,Gag
B*27,KKWIILGLNK,Gag
B*27,KKWIIMGLHK,Gag
B*27,KKWIIMGLNK,Gag
B*27,KKWIVLGLNK,Gag
B*57,KNFSPEVIPMF,Gag
B*27,KQWIILGLNK,Gag
B*27,KQWIIMGLNK,Gag
B*27,KRWIIMGLNK,Gag
B*57,KSFSPEVIPMF,Gag
A*02,KSLFNTIATLY,Gag
A*02,KSLFNTIAVLY,Gag
A*02,KSLFNTVATLC,Gag
A*02,KSLFNTVATLY,Gag
A*02,KSLFNTVAVLY,Gag
A*02,KSLYNTIATLY,Gag
A*02,KSLYNTIAVLY,Gag
A*02,KSLYNTVAVLY,Gag
B*27,KTWIILGLNK,Gag
B*27,KTWIIMGLNK,Gag
B*57,KXFKPEVIPMF,Gag
A*24,KYRLKHIVW,Gag
B*57,LSPRTLNAW,Gag
B*57,MSPRTLNAW,Gag
B*35,NPPIPVGEIY,Gag
B*35,PPIPVGEIY,Gag
B*53,PPIPVGEIY,Gag
B*57,PSPRTLNAW,Gag
B*57,QASQDVKNW,Gag
A*24,QYKLKHIVW,Gag
B*57,RAPRTLNAW,Gag
A*03,RIRLRPGGK,Gag
A*03,RIRLRPGGR,Gag
A*03,RLRPGGKKC,Gag
A*03,RLRPGGKKQ,Gag
A*03,RLRPGGKKR,Gag
A*03,RLRPGGKQK,Gag
A*03,RLRPGGRKT,Gag
B*07,RPGGKKHYK,Gag
B*42,RPGGKKHYK,Gag
B*07,RPGGKKHYR,Gag
B*42,RPGGKKHYR,Gag
B*07,RPGGKKQYM,Gag
B*42,RPGGKKQYM,Gag
B*42,RPGGKKRYM,Gag
B*07,RPGGKKSYM,Gag
B*42,RPGGKKSYM,Gag
B*13,RQANFLGKL,Gag
B*13,RQANFLGKM,Gag
B*13,RQANFLGKV,Gag
B*13,RQANFLGRI,Gag
B*13,RQANFLGRL,Gag
B*13,RQANFLGRM,Gag
A*02,RSLFNTIATLF,Gag
A*02,RSLFNTIATLY,Gag
A*02,RSLFNTIAVLY,Gag
A*02,RSLFNTVATLY,Gag
A*02,RSLFNTVAVLY,Gag
A*02,RSLYNTIATLY,Gag
A*02,RSLYNTIAVLY,Gag
A*02,RSLYNTVATLC,Gag
A*02,RSLYNTVAVLY,Gag
A*02,SLANTVATL,Gag
A*02,SLFNAVATL,Gag
A*02,SLFNTIATL,Gag
A*02,SLFNTIAVL,Gag
A*02,SLFNTVATL,Gag
A*02,SLFNTVAVL,Gag
A*02,SLHNAVAVL,Gag
A*02,SLHNTVATL,Gag
A*02,SLHNTVAVL,Gag
A*02,SLYATVATL,Gag
A*02,SLYNAIATL,Gag
A*02,SLYNAVATL,Gag
A*02,SLYNAVATL,Gag
A*02,SLYNLVAVL,Gag
A*02,SLYNTIATL,Gag
A*02,SLYNTIAVL,Gag
A*02,SLYNTVAAL,Gag
A*02,SLYNTVATL,Gag
A*02,SLYNTVAVL,Gag
A*02,SLYNVVATL,Gag
B*67,TPADLNLML,Gag
B*07,TPEDLNTML,Gag
B*39,TPEDLNTML,Gag
B*42,TPEDLNTML,Gag
B*81,TPEDLNTML,Gag
Cw*08,TPEDLNTML,Gag
B*07,TPGDLNTML,Gag
B*39,TPGDLNTML,Gag
B*42,TPGDLNTML,Gag
B*81,TPGDLNTML,Gag
Cw*08,TPGDLNTML,Gag
B*07,TPQDLNSML,Gag
B*39,TPQDLNSML,Gag
B*42,TPQDLNSML,Gag
B*81,TPQDLNSML,Gag
Cw*08,TPQDLNSML,Gag
B*67,TPSDLNLML,Gag
B*07,TPSDLNTML,Gag
B*39,TPSDLNTML,Gag
B*42,TPSDLNTML,Gag
B*81,TPSDLNTML,Gag
Cw*08,TPSDLNTML,Gag
B*07,TPTDLNTML,Gag
B*39,TPTDLNTML,Gag
B*42,TPTDLNTML,Gag
B*81,TPTDLNTML,Gag
Cw*08,TPTDLNTML,Gag
B*42,TPXDLNTML,Gag
B*58,TSNLQEQIAW,Gag
B*57,TSNLQEQIAW,Gag
B*57,TSNLQEQIDW,Gag
B*58,TSNLQEQIGW,Gag
B*57,TSNLQEQIGW,Gag
B*58,TSNLQEQITR,Gag
B*57,TSNLQEQITR,Gag
B*57,TSTLQEQIAW,Gag
B*58,TSTLQEQIAW,Gag
B*57,TSTLQEQMAW,Gag
B*58,TSTLQEQMAW,Gag
B*57,TSTLQEQVAW,Gag
B*15,VKVVEEKAF,Gag
Cw*01,YCPVSILDI,Gag
Cw*01,YKPVGILDI,Gag
Cw*01,YKPVSILDI,Gag
Cw*01,YRPVSILDI,Gag
Cw*01,YSPTSILDI,Gag
Cw*03,YVDRFFKAL,Gag
Cw*03,YVDRFFKIL,Gag
Cw*03,YVDRFFKVL,Gag
B*58,-----LSFF,Nef
A*02,AAIDLSHFL,Nef
A*02,AALDLSHFL,Nef
A*03,ALDISHFLK,Nef
A*03,ALDLSHFLK,Nef
A*03,ALDLSHFLR,Nef
A*03,ALDMSHFLK,Nef
A*03,ALNLSHFLK,Nef
A*11,AVDLSHFLR,Nef
B*08,FIKENGGL,Nef
B*08,FLEENGGL,Nef
B*08,FLKDKGGL,Nef
B*08,FLKEEGGL,Nef
B*08,FLKEMGGL,Nef
B*08,FLKENGGL,Nef
B*08,FLKEQGGL,Nef
B*08,FLKGNGGL,Nef
B*08,FLRDKGGL,Nef
B*08,FLREKGGL,Nef
B*07,FPVRPQVPLR,Nef
A*02,GAFDLSFFL,Nef
B*62,GAFDLSHFL,Nef
Cw*08,GAFDLSHFL,Nef
A*02,GALDLSHFL,Nef
A*02,GARDLSHFL,Nef
A*02,GAVDLSHFL,Nef
B*58,KAAVDLSFF,Nef
B*58,KEAFDLSFF,Nef
B*60,KEKGGLEEL,Nef
B*60,KEKGGLEGI,Nef
B*60,KEKGGLEGP,Nef
B*60,KEKGGLERL,Nef
B*60,KEKRGLERL,Nef
B*60,KENGGLEGL,Nef
B*57,KGAFDLSFF,Nef
B*58,KGAFDLSFF,Nef
B*58,KGAVDLSFF,Nef
B*60,KGKGGLEGL,Nef
B*60,KKKGGLEGL,Nef
Cw*07,KRQDILDLWVY,Nef
A*03,QVPLRPMSYR,Nef
A*03,QVPLRPMTRR,Nef
A*03,QVPVRPMTFK,Nef
B*58,RAAFDLSFF,Nef
A*24,RFPLCFGW,Nef
A*24,RFPLTFGW,Nef
A*24,RFPLTFGWCY,Nef
B*13,RRDILDLWI,Nef
A*24,RYPLCFGW,Nef
A*24,RYPLMFGW,Nef
A*24,RYPLTLGW,Nef
B*35,TPQVPLRPMTF,Nef
B*35,TPQVPLRPMTY,Nef
B*42,TQGPGVRYPL,Nef
B*42,TSGPGVRYPL,Nef
B*35,VPLRPMSY,Nef
B*35,VPLRPMTF,Nef
B*27,WKFDSRLAF,Nef
A*03,AIFLSSMTK,Pol
A*03,AIFQSSMLK,Pol
A*03,AIFQSSMTK,Pol
A*11,AIFQSSMTR,Pol
A*03,AIFQSSMTR,Pol
A*11,AIFQSSMTT,Pol
A*03,AIFQSSMTT,Pol
A*68,AIFQSSMTT,Pol
A*03,AVFVHNFKRK,Pol
A*02,EIYQYMDDL,Pol
B*54,FPISPIDTV,Pol
B*40,GERIIDLI,Pol
B*40,GERIIDMI,Pol
B*40,GERIVDMI,Pol
B*40,GERLIDII,Pol
B*13,GNGQWTYQI,Pol
B*40,IEAEVISAET,Pol
B*42,IIXDYGKQM,Pol
B*15,ILKAPVHGAY,Pol
A*02,ILKDPVHGV,Pol
A*02,ILKELVHGV,Pol
Cw*12,ILKEPVHGAY,Pol
B*15,ILKEPVHGAY,Pol
B*15,ILKESVHGAY,Pol
B*15,ILKETVHGAY,Pol
B*15,ILKKPVHGAY,Pol
B*15,ILREPVHGAY,Pol
Cw*03,ILREPVHGVY,Pol
B*15,ILREPVHGVY,Pol
B*57,ITLPEKESW,Pol
B*58,ITLPEKESW,Pol
B*57,ITLPEKGSW,Pol
B*27,KKKGGIGGY,Pol
Cw*12,KQNPDIVIC,Pol
Cw*12,KQNPDIVII,Pol
Cw*12,KQNPDIVIV,Pol
B*27,KRKGGIGEY,Pol
B*27,KRRGGIGGY,Pol
A*03,KVVDFRELNK,Pol
B*42,LPPIVAREI,Pol
B*42,LPPIVAXEI,Pol
B*42,LPPVVAKEI,Pol
B*42,LPPXVAKEI,Pol
A*02,LVGPTPANI,Pol
Cw*01,NSPT(SPT)RREL,Pol
Cw*01,NSPTSPTRREL,Pol
B*15,RKAKILRDY,Pol
B*15,RKAKILRHY,Pol
B*15,RKVKIIRDY,Pol
B*13,RQYDQISIEI,Pol
B*57,SNTVKAACWW,Pol
B*57,STAVKAACWW,Pol
B*51,TAFTIPSL,Pol
B*51,TAFTIPSR,Pol
B*51,TAFTIPST,Pol
B*51,TAFTIPSV,Pol
B*51,TAFTIPSX,Pol
A*03,TISQSSMTK,Pol
Cw*01,TSPTRREL,Pol
B*51,TVFTIPSI,Pol
A*02,VIYQYVDDL,Pol
B*35,VPHDEDFRKY,Pol
B*35,VPLDKDFRKY,Pol
B*35,VPLHEDFRKY,Pol
B*42,YAGIKVRQL,Pol
B*42,YHGIKVRQL,Pol
B*42,YPGIKVKKL,Pol
B*42,YPGIKVRGL,Pol
B*42,YPGIKVRNL,Pol
B*42,YPGIKVRRL,Pol
B*42,YPGIRVRQL,Pol
B*81,YPGIRVRQL,Pol
B*42,YPGVKVRQL,Pol
B*42,YQGIKVRQL,Pol
B*42,YSGIKVRQL,Pol
