,Epitope_recover,Genes,sequences,origin,Donor id,pattern_recover,pattern,count,position,overlap,hla
0,no,pol,1292-17-N-23,N,1292,no,no,no,no,no,no
1,no,pol,1292-17-N-16,N,1292,no,no,no,no,no,no
2,no,pol,1292-17-N-11,N,1292,no,no,no,no,no,no
3,no,pol,1292-17-N-13,N,1292,no,no,no,no,no,no
4,no,pol,1292-17-N-17,N,1292,no,no,no,no,no,no
5,no,pol,1292-17-N-18,N,1292,no,no,no,no,no,no
6,no,pol,1292-17-N-19,N,1292,no,no,no,no,no,no
7,no,pol,1292-17-N-2,N,1292,no,no,no,no,no,no
8,no,pol,1292-17-N-21,N,1292,no,no,no,no,no,no
9,no,pol,1292-17-N-22,N,1292,no,no,no,no,no,no
10,no,pol,1292-17-N-24,N,1292,no,no,no,no,no,no
11,no,pol,1292-17-N-26,N,1292,no,no,no,no,no,no
12,no,pol,1292-17-N-27,N,1292,no,no,no,no,no,no
13,no,pol,1292-17-N-3,N,1292,no,no,no,no,no,no
14,no,pol,1292-17-N-30,N,1292,no,no,no,no,no,no
15,no,pol,1292-17-N-31,N,1292,no,no,no,no,no,no
16,no,pol,1292-17-N-32,N,1292,no,no,no,no,no,no
17,no,pol,1292-17-N-33,N,1292,no,no,no,no,no,no
18,no,pol,1292-17-N-34,N,1292,no,no,no,no,no,no
19,no,pol,1292-17-N-36,N,1292,no,no,no,no,no,no
20,no,pol,1292-17-N-37,N,1292,no,no,no,no,no,no
21,no,pol,1292-17-N-38,N,1292,no,no,no,no,no,no
22,no,pol,1292-17-N-39,N,1292,no,no,no,no,no,no
23,no,pol,1292-17-N-40,N,1292,no,no,no,no,no,no
24,no,pol,1292-17-N-41,N,1292,no,no,no,no,no,no
25,no,pol,1292-17-N-42,N,1292,no,no,no,no,no,no
26,no,pol,1292-17-N-43,N,1292,no,no,no,no,no,no
27,no,pol,1292-17-N-44,N,1292,no,no,no,no,no,no
28,no,pol,1292-17-N-46,N,1292,no,no,no,no,no,no
29,no,pol,1292-17-N-47,N,1292,no,no,no,no,no,no
30,no,pol,1292-17-N-5,N,1292,no,no,no,no,no,no
31,no,pol,1292-17-N-6,N,1292,no,no,no,no,no,no
32,no,pol,1292-17-N-7,N,1292,no,no,no,no,no,no
33,no,pol,1292-17-N-8,N,1292,no,no,no,no,no,no
34,no,pol,1292-17-N-9,N,1292,no,no,no,no,no,no
35,no,pol,1292-CMDRn-1,CMDRn,1292,no,no,no,no,no,no
36,no,pol,1292-CMDRn-11,CMDRn,1292,no,no,no,no,no,no
37,no,pol,1292-CMDRn-12,CMDRn,1292,no,no,no,no,no,no
38,no,pol,1292-CMDRn-13,CMDRn,1292,no,no,no,no,no,no
39,no,pol,1292-CMDRn-15,CMDRn,1292,no,no,no,no,no,no
40,no,pol,1292-CMDRn-17,CMDRn,1292,no,no,no,no,no,no
41,no,pol,1292-CMDRn-18,CMDRn,1292,no,no,no,no,no,no
42,no,pol,1292-CMDRn-19,CMDRn,1292,no,no,no,no,no,no
43,no,pol,1292-CMDRn-20,CMDRn,1292,no,no,no,no,no,no
44,no,pol,1292-CMDRn-21,CMDRn,1292,no,no,no,no,no,no
45,no,pol,1292-CMDRn-24,CMDRn,1292,no,no,no,no,no,no
46,no,pol,1292-CMDRn-25,CMDRn,1292,no,no,no,no,no,no
47,no,pol,1292-CMDRn-27,CMDRn,1292,no,no,no,no,no,no
48,no,pol,1292-CMDRn-28,CMDRn,1292,no,no,no,no,no,no
49,no,pol,1292-CMDRn-29,CMDRn,1292,no,no,no,no,no,no
50,no,pol,1292-CMDRn-30,CMDRn,1292,no,no,no,no,no,no
51,no,pol,1292-CMDRn-31,CMDRn,1292,no,no,no,no,no,no
52,no,pol,1292-CMDRn-32,CMDRn,1292,no,no,no,no,no,no
53,no,pol,1292-CMDRn-33,CMDRn,1292,no,no,no,no,no,no
54,no,pol,1292-CMDRn-34,CMDRn,1292,no,no,no,no,no,no
55,no,pol,1292-CMDRn-35,CMDRn,1292,no,no,no,no,no,no
56,no,pol,1292-CMDRn-36,CMDRn,1292,no,no,no,no,no,no
57,no,pol,1292-CMDRn-37,CMDRn,1292,no,no,no,no,no,no
58,no,pol,1292-CMDRn-38,CMDRn,1292,no,no,no,no,no,no
59,no,pol,1292-CMDRn-39,CMDRn,1292,no,no,no,no,no,no
60,no,pol,1292-CMDRn-4,CMDRn,1292,no,no,no,no,no,no
61,no,pol,1292-CMDRn-41,CMDRn,1292,no,no,no,no,no,no
62,no,pol,1292-CMDRn-42,CMDRn,1292,no,no,no,no,no,no
63,no,pol,1292-CMDRn-43,CMDRn,1292,no,no,no,no,no,no
64,no,pol,1292-CMDRn-5,CMDRn,1292,no,no,no,no,no,no
65,no,pol,1292-CMDRn-6,CMDRn,1292,no,no,no,no,no,no
66,no,pol,1292-CMDRn-7,CMDRn,1292,no,no,no,no,no,no
67,no,pol,1292-CMDRn-8,CMDRn,1292,no,no,no,no,no,no
68,no,pol,1292-CMDRn-9,CMDRn,1292,no,no,no,no,no,no
69,no,pol,1292-CMDRp-1,CMDRp,1292,no,no,no,no,no,no
70,no,pol,1292-CMDRp-10,CMDRp,1292,no,no,no,no,no,no
71,no,pol,1292-CMDRp-12,CMDRp,1292,no,no,no,no,no,no
72,no,pol,1292-CMDRp-13,CMDRp,1292,no,no,no,no,no,no
73,no,pol,1292-CMDRp-14,CMDRp,1292,no,no,no,no,no,no
74,no,pol,1292-CMDRp-15,CMDRp,1292,no,no,no,no,no,no
75,no,pol,1292-CMDRp-16,CMDRp,1292,no,no,no,no,no,no
76,no,pol,1292-CMDRp-17,CMDRp,1292,no,no,no,no,no,no
77,no,pol,1292-CMDRp-18,CMDRp,1292,no,no,no,no,no,no
78,no,pol,1292-CMDRp-19,CMDRp,1292,no,no,no,no,no,no
79,no,pol,1292-CMDRp-20,CMDRp,1292,no,no,no,no,no,no
80,no,pol,1292-CMDRp-21,CMDRp,1292,no,no,no,no,no,no
81,no,pol,1292-CMDRp-22,CMDRp,1292,no,no,no,no,no,no
82,no,pol,1292-CMDRp-23,CMDRp,1292,no,no,no,no,no,no
83,no,pol,1292-CMDRp-25,CMDRp,1292,no,no,no,no,no,no
84,no,pol,1292-CMDRp-27,CMDRp,1292,no,no,no,no,no,no
85,no,pol,1292-CMDRp-28,CMDRp,1292,no,no,no,no,no,no
86,no,pol,1292-CMDRp-29,CMDRp,1292,no,no,no,no,no,no
87,no,pol,1292-CMDRp-3,CMDRp,1292,no,no,no,no,no,no
88,no,pol,1292-CMDRp-30,CMDRp,1292,no,no,no,no,no,no
89,no,pol,1292-CMDRp-37,CMDRp,1292,no,no,no,no,no,no
90,no,pol,1292-CMDRp-4,CMDRp,1292,no,no,no,no,no,no
91,no,pol,1292-CMDRp-5,CMDRp,1292,no,no,no,no,no,no
92,no,pol,1292-CMDRp-6,CMDRp,1292,no,no,no,no,no,no
93,no,pol,1292-CMDRp-7,CMDRp,1292,no,no,no,no,no,no
94,no,pol,1292-EMDRn-1,EMDRn,1292,no,no,no,no,no,no
95,no,pol,1292-EMDRn-13,EMDRn,1292,no,no,no,no,no,no
96,no,pol,1292-EMDRn-15,EMDRn,1292,no,no,no,no,no,no
97,no,pol,1292-EMDRn-16,EMDRn,1292,no,no,no,no,no,no
98,no,pol,1292-EMDRn-17,EMDRn,1292,no,no,no,no,no,no
99,no,pol,1292-EMDRn-18,EMDRn,1292,no,no,no,no,no,no
100,no,pol,1292-EMDRn-19,EMDRn,1292,no,no,no,no,no,no
101,no,pol,1292-EMDRn-2,EMDRn,1292,no,no,no,no,no,no
102,no,pol,1292-EMDRn-20,EMDRn,1292,no,no,no,no,no,no
103,no,pol,1292-EMDRn-21,EMDRn,1292,no,no,no,no,no,no
104,no,pol,1292-EMDRn-22,EMDRn,1292,no,no,no,no,no,no
105,no,pol,1292-EMDRn-23,EMDRn,1292,no,no,no,no,no,no
106,no,pol,1292-EMDRn-24,EMDRn,1292,no,no,no,no,no,no
107,no,pol,1292-EMDRn-27,EMDRn,1292,no,no,no,no,no,no
108,no,pol,1292-EMDRn-28,EMDRn,1292,no,no,no,no,no,no
109,no,pol,1292-EMDRn-29,EMDRn,1292,no,no,no,no,no,no
110,no,pol,1292-EMDRn-3,EMDRn,1292,no,no,no,no,no,no
111,no,pol,1292-EMDRn-30,EMDRn,1292,no,no,no,no,no,no
112,no,pol,1292-EMDRn-31,EMDRn,1292,no,no,no,no,no,no
113,no,pol,1292-EMDRn-32,EMDRn,1292,no,no,no,no,no,no
114,no,pol,1292-EMDRn-34,EMDRn,1292,no,no,no,no,no,no
115,no,pol,1292-EMDRn-35,EMDRn,1292,no,no,no,no,no,no
116,no,pol,1292-EMDRn-36,EMDRn,1292,no,no,no,no,no,no
117,no,pol,1292-EMDRn-37,EMDRn,1292,no,no,no,no,no,no
118,no,pol,1292-EMDRn-38,EMDRn,1292,no,no,no,no,no,no
119,no,pol,1292-EMDRn-39,EMDRn,1292,no,no,no,no,no,no
120,no,pol,1292-EMDRn-4,EMDRn,1292,no,no,no,no,no,no
121,no,pol,1292-EMDRn-40,EMDRn,1292,no,no,no,no,no,no
122,no,pol,1292-EMDRn-41,EMDRn,1292,no,no,no,no,no,no
123,no,pol,1292-EMDRn-42,EMDRn,1292,no,no,no,no,no,no
124,no,pol,1292-EMDRn-43,EMDRn,1292,no,no,no,no,no,no
125,no,pol,1292-EMDRn-44,EMDRn,1292,no,no,no,no,no,no
126,no,pol,1292-EMDRn-5,EMDRn,1292,no,no,no,no,no,no
127,no,pol,1292-EMDRn-7,EMDRn,1292,no,no,no,no,no,no
128,no,pol,1292-EMDRn-8,EMDRn,1292,no,no,no,no,no,no
129,no,pol,1292-EMDRn-9,EMDRn,1292,no,no,no,no,no,no
130,no,pol,1292-EMDRp-1,EMDRp,1292,no,no,no,no,no,no
131,no,pol,1292-EMDRp-11,EMDRp,1292,no,no,no,no,no,no
132,no,pol,1292-EMDRp-13,EMDRp,1292,no,no,no,no,no,no
133,no,pol,1292-EMDRp-14,EMDRp,1292,no,no,no,no,no,no
134,no,pol,1292-EMDRp-15,EMDRp,1292,no,no,no,no,no,no
135,no,pol,1292-EMDRp-18,EMDRp,1292,no,no,no,no,no,no
136,no,pol,1292-EMDRp-19,EMDRp,1292,no,no,no,no,no,no
137,no,pol,1292-EMDRp-2,EMDRp,1292,no,no,no,no,no,no
138,no,pol,1292-EMDRp-21,EMDRp,1292,no,no,no,no,no,no
139,no,pol,1292-EMDRp-22,EMDRp,1292,no,no,no,no,no,no
140,no,pol,1292-EMDRp-23,EMDRp,1292,no,no,no,no,no,no
141,no,pol,1292-EMDRp-25,EMDRp,1292,no,no,no,no,no,no
142,no,pol,1292-EMDRp-26,EMDRp,1292,no,no,no,no,no,no
143,no,pol,1292-EMDRp-29,EMDRp,1292,no,no,no,no,no,no
144,no,pol,1292-EMDRp-3,EMDRp,1292,no,no,no,no,no,no
145,no,pol,1292-EMDRp-30,EMDRp,1292,no,no,no,no,no,no
146,no,pol,1292-EMDRp-32,EMDRp,1292,no,no,no,no,no,no
147,no,pol,1292-EMDRp-33,EMDRp,1292,no,no,no,no,no,no
148,no,pol,1292-EMDRp-6,EMDRp,1292,no,no,no,no,no,no
149,no,pol,1292-EMDRp-9,EMDRp,1292,no,no,no,no,no,no
150,no,pol,1292-TMDRn-1,TMDRn,1292,no,no,no,no,no,no
151,no,pol,1292-TMDRn-11,TMDRn,1292,no,no,no,no,no,no
152,no,pol,1292-TMDRn-13,TMDRn,1292,no,no,no,no,no,no
153,no,pol,1292-TMDRn-15,TMDRn,1292,no,no,no,no,no,no
154,no,pol,1292-TMDRn-16,TMDRn,1292,no,no,no,no,no,no
155,no,pol,1292-TMDRn-17,TMDRn,1292,no,no,no,no,no,no
156,no,pol,1292-TMDRn-19,TMDRn,1292,no,no,no,no,no,no
157,no,pol,1292-TMDRn-2,TMDRn,1292,no,no,no,no,no,no
158,no,pol,1292-TMDRn-20,TMDRn,1292,no,no,no,no,no,no
159,no,pol,1292-TMDRn-21,TMDRn,1292,no,no,no,no,no,no
160,no,pol,1292-TMDRn-22,TMDRn,1292,no,no,no,no,no,no
161,no,pol,1292-TMDRn-24,TMDRn,1292,no,no,no,no,no,no
162,no,pol,1292-TMDRn-25,TMDRn,1292,no,no,no,no,no,no
163,no,pol,1292-TMDRn-26,TMDRn,1292,no,no,no,no,no,no
164,no,pol,1292-TMDRn-27,TMDRn,1292,no,no,no,no,no,no
165,no,pol,1292-TMDRn-4,TMDRn,1292,no,no,no,no,no,no
166,no,pol,1292-TMDRn-6,TMDRn,1292,no,no,no,no,no,no
167,no,pol,1292-TMDRn-8,TMDRn,1292,no,no,no,no,no,no
168,no,pol,1292-TMDRn-9,TMDRn,1292,no,no,no,no,no,no
169,no,pol,1292-TMDRp-1,TMDRp,1292,no,no,no,no,no,no
170,no,pol,1292-TMDRp-10,TMDRp,1292,no,no,no,no,no,no
171,no,pol,1292-TMDRp-11,TMDRp,1292,no,no,no,no,no,no
172,no,pol,1292-TMDRp-13,TMDRp,1292,no,no,no,no,no,no
173,no,pol,1292-TMDRp-14,TMDRp,1292,no,no,no,no,no,no
174,no,pol,1292-TMDRp-15,TMDRp,1292,no,no,no,no,no,no
175,no,pol,1292-TMDRp-16,TMDRp,1292,no,no,no,no,no,no
176,no,pol,1292-TMDRp-17,TMDRp,1292,no,no,no,no,no,no
177,no,pol,1292-TMDRp-18,TMDRp,1292,no,no,no,no,no,no
178,no,pol,1292-TMDRp-2,TMDRp,1292,no,no,no,no,no,no
179,no,pol,1292-TMDRp-20,TMDRp,1292,no,no,no,no,no,no
180,no,pol,1292-TMDRp-21,TMDRp,1292,no,no,no,no,no,no
181,no,pol,1292-TMDRp-22,TMDRp,1292,no,no,no,no,no,no
182,no,pol,1292-TMDRp-24,TMDRp,1292,no,no,no,no,no,no
183,no,pol,1292-TMDRp-25,TMDRp,1292,no,no,no,no,no,no
184,no,pol,1292-TMDRp-26,TMDRp,1292,no,no,no,no,no,no
185,no,pol,1292-TMDRp-27,TMDRp,1292,no,no,no,no,no,no
186,no,pol,1292-TMDRp-28,TMDRp,1292,no,no,no,no,no,no
187,no,pol,1292-TMDRp-29,TMDRp,1292,no,no,no,no,no,no
188,no,pol,1292-TMDRp-30,TMDRp,1292,no,no,no,no,no,no
189,no,pol,1292-TMDRp-31,TMDRp,1292,no,no,no,no,no,no
190,no,pol,1292-TMDRp-32,TMDRp,1292,no,no,no,no,no,no
191,no,pol,1292-TMDRp-4,TMDRp,1292,no,no,no,no,no,no
192,no,pol,1292-TMDRp-5,TMDRp,1292,no,no,no,no,no,no
193,no,pol,1292-TMDRp-7,TMDRp,1292,no,no,no,no,no,no
194,no,pol,1292-TMDRp-8,TMDRp,1292,no,no,no,no,no,no
195,no,pol,1408-TM-52,TM,1408,no,no,no,no,no,no
196,no,pol,1408-TM-51,TM,1408,no,no,no,no,no,no
197,no,pol,1408-TM-50,TM,1408,no,no,no,no,no,no
198,no,pol,1408-TM-49,TM,1408,no,no,no,no,no,no
199,no,pol,1408-TM-48,TM,1408,no,no,no,no,no,no
200,no,pol,1408-TM-47,TM,1408,no,no,no,no,no,no
201,no,pol,1408-TM-46,TM,1408,no,no,no,no,no,no
202,no,pol,1408-TM-45,TM,1408,no,no,no,no,no,no
203,no,pol,1408-TM-44,TM,1408,no,no,no,no,no,no
204,no,pol,1408-TM-43,TM,1408,no,no,no,no,no,no
205,no,pol,1408-TM-42,TM,1408,no,no,no,no,no,no
206,no,pol,1408-TM-40,TM,1408,no,no,no,no,no,no
207,no,pol,1408-TM-38,TM,1408,no,no,no,no,no,no
208,no,pol,1408-TM-37,TM,1408,no,no,no,no,no,no
209,no,pol,1408-TM-36,TM,1408,no,no,no,no,no,no
210,no,pol,1408-TM-35,TM,1408,no,no,no,no,no,no
211,no,pol,1408-TM-34,TM,1408,no,no,no,no,no,no
212,no,pol,1408-TM-33,TM,1408,no,no,no,no,no,no
213,no,pol,1408-TM-32,TM,1408,no,no,no,no,no,no
214,no,pol,1408-TM-31,TM,1408,no,no,no,no,no,no
215,no,pol,1408-TM-30,TM,1408,no,no,no,no,no,no
216,no,pol,1408-TM-29,TM,1408,no,no,no,no,no,no
217,no,pol,1408-TM-28,TM,1408,no,no,no,no,no,no
218,no,pol,1408-TM-26,TM,1408,no,no,no,no,no,no
219,no,pol,1408-TM-24,TM,1408,no,no,no,no,no,no
220,no,pol,1408-TM-23,TM,1408,no,no,no,no,no,no
221,no,pol,1408-TM-22,TM,1408,no,no,no,no,no,no
222,no,pol,1408-TM-21,TM,1408,no,no,no,no,no,no
223,no,pol,1408-TM-20,TM,1408,no,no,no,no,no,no
224,no,pol,1408-TM-19,TM,1408,no,no,no,no,no,no
225,no,pol,1408-TM-18,TM,1408,no,no,no,no,no,no
226,no,pol,1408-TM-17,TM,1408,no,no,no,no,no,no
227,no,pol,1408-TM-16,TM,1408,no,no,no,no,no,no
228,no,pol,1408-TM-14,TM,1408,no,no,no,no,no,no
229,no,pol,1408-TM-13,TM,1408,no,no,no,no,no,no
230,no,pol,1408-TM-12,TM,1408,no,no,no,no,no,no
231,no,pol,1408-TM-11,TM,1408,no,no,no,no,no,no
232,no,pol,1408-TM-10,TM,1408,no,no,no,no,no,no
233,no,pol,1408-TM-09,TM,1408,no,no,no,no,no,no
234,no,pol,1408-TM-07,TM,1408,no,no,no,no,no,no
235,no,pol,1408-TM-05,TM,1408,no,no,no,no,no,no
236,no,pol,1408-TM-04,TM,1408,no,no,no,no,no,no
237,no,pol,1408-TM-03,TM,1408,no,no,no,no,no,no
238,no,pol,1408-TM-02,TM,1408,no,no,no,no,no,no
239,no,pol,1408-TM-01,TM,1408,no,no,no,no,no,no
240,no,pol,1408-NV-02,NV,1408,no,no,no,no,no,no
241,no,pol,1408-EM-40,EM,1408,no,no,no,no,no,no
242,no,pol,1408-EM-38,EM,1408,no,no,no,no,no,no
243,no,pol,1408-EM-37,EM,1408,no,no,no,no,no,no
244,no,pol,1408-EM-36,EM,1408,no,no,no,no,no,no
245,no,pol,1408-EM-34,EM,1408,no,no,no,no,no,no
246,no,pol,1408-EM-31,EM,1408,no,no,no,no,no,no
247,no,pol,1408-EM-30,EM,1408,no,no,no,no,no,no
248,no,pol,1408-EM-29,EM,1408,no,no,no,no,no,no
249,no,pol,1408-EM-28,EM,1408,no,no,no,no,no,no
250,no,pol,1408-EM-27,EM,1408,no,no,no,no,no,no
251,no,pol,1408-EM-26,EM,1408,no,no,no,no,no,no
252,no,pol,1408-EM-25,EM,1408,no,no,no,no,no,no
253,no,pol,1408-EM-24,EM,1408,no,no,no,no,no,no
254,no,pol,1408-EM-22,EM,1408,no,no,no,no,no,no
255,no,pol,1408-EM-21,EM,1408,no,no,no,no,no,no
256,no,pol,1408-EM-15,EM,1408,no,no,no,no,no,no
257,no,pol,1408-EM-14,EM,1408,no,no,no,no,no,no
258,no,pol,1408-EM-13,EM,1408,no,no,no,no,no,no
259,no,pol,1408-EM-11,EM,1408,no,no,no,no,no,no
260,no,pol,1408-EM-09,EM,1408,no,no,no,no,no,no
261,no,pol,1408-EM-08,EM,1408,no,no,no,no,no,no
262,no,pol,1408-EM-07,EM,1408,no,no,no,no,no,no
263,no,pol,1408-EM-06,EM,1408,no,no,no,no,no,no
264,no,pol,1408-EM-05,EM,1408,no,no,no,no,no,no
265,no,pol,1408-EM-04,EM,1408,no,no,no,no,no,no
266,no,pol,1408-EM-03,EM,1408,no,no,no,no,no,no
267,no,pol,1408-CM-49,CM,1408,no,no,no,no,no,no
268,no,pol,1408-CM-47,CM,1408,no,no,no,no,no,no
269,no,pol,1408-CM-46,CM,1408,no,no,no,no,no,no
270,no,pol,1408-CM-45,CM,1408,no,no,no,no,no,no
271,no,pol,1408-CM-44,CM,1408,no,no,no,no,no,no
272,no,pol,1408-CM-43,CM,1408,no,no,no,no,no,no
273,no,pol,1408-CM-42,CM,1408,no,no,no,no,no,no
274,no,pol,1408-CM-41,CM,1408,no,no,no,no,no,no
275,no,pol,1408-CM-37,CM,1408,no,no,no,no,no,no
276,no,pol,1408-CM-36,CM,1408,no,no,no,no,no,no
277,no,pol,1408-CM-34,CM,1408,no,no,no,no,no,no
278,no,pol,1408-CM-32,CM,1408,no,no,no,no,no,no
279,no,pol,1408-CM-31,CM,1408,no,no,no,no,no,no
280,no,pol,1408-CM-30,CM,1408,no,no,no,no,no,no
281,no,pol,1408-CM-29,CM,1408,no,no,no,no,no,no
282,no,pol,1408-CM-28,CM,1408,no,no,no,no,no,no
283,no,pol,1408-CM-26,CM,1408,no,no,no,no,no,no
284,no,pol,1408-CM-23,CM,1408,no,no,no,no,no,no
285,no,pol,1408-CM-22,CM,1408,no,no,no,no,no,no
286,no,pol,1408-CM-21,CM,1408,no,no,no,no,no,no
287,no,pol,1408-CM-20,CM,1408,no,no,no,no,no,no
288,no,pol,1408-CM-19,CM,1408,no,no,no,no,no,no
289,no,pol,1408-CM-17,CM,1408,no,no,no,no,no,no
290,no,pol,1408-CM-16,CM,1408,no,no,no,no,no,no
291,no,pol,1408-CM-15,CM,1408,no,no,no,no,no,no
292,no,pol,1408-CM-14,CM,1408,no,no,no,no,no,no
293,no,pol,1408-CM-13,CM,1408,no,no,no,no,no,no
294,no,pol,1408-CM-12,CM,1408,no,no,no,no,no,no
295,no,pol,1408-CM-11,CM,1408,no,no,no,no,no,no
296,no,pol,1408-CM-10,CM,1408,no,no,no,no,no,no
297,no,pol,1408-CM-09,CM,1408,no,no,no,no,no,no
298,no,pol,1408-CM-08,CM,1408,no,no,no,no,no,no
299,no,pol,1408-CM-07,CM,1408,no,no,no,no,no,no
300,no,pol,1408-CM-06,CM,1408,no,no,no,no,no,no
301,no,pol,1408-CM-05,CM,1408,no,no,no,no,no,no
302,no,pol,1408-CM-04,CM,1408,no,no,no,no,no,no
303,no,pol,1408-CM-03,CM,1408,no,no,no,no,no,no
304,no,pol,1756-CM-03,CM,1756,no,no,no,no,no,no
305,no,pol,1756-CM-04,CM,1756,no,no,no,no,no,no
306,no,pol,1756-CM-07,CM,1756,no,no,no,no,no,no
307,no,pol,1756-CM-08,CM,1756,no,no,no,no,no,no
308,no,pol,1756-CM-09,CM,1756,no,no,no,no,no,no
309,no,pol,1756-CM-10,CM,1756,no,no,no,no,no,no
310,no,pol,1756-CM-11,CM,1756,no,no,no,no,no,no
311,no,pol,1756-CM-13,CM,1756,no,no,no,no,no,no
312,no,pol,1756-CM-14,CM,1756,no,no,no,no,no,no
313,no,pol,1756-CM-15,CM,1756,no,no,no,no,no,no
314,no,pol,1756-CM-18,CM,1756,no,no,no,no,no,no
315,no,pol,1756-CM-20,CM,1756,no,no,no,no,no,no
316,no,pol,1756-CM-21,CM,1756,no,no,no,no,no,no
317,no,pol,1756-CM-23,CM,1756,no,no,no,no,no,no
318,no,pol,1756-EM-01,EM,1756,no,no,no,no,no,no
319,no,pol,1756-EM-02,EM,1756,no,no,no,no,no,no
320,no,pol,1756-EM-03,EM,1756,no,no,no,no,no,no
321,no,pol,1756-EM-04,EM,1756,no,no,no,no,no,no
322,no,pol,1756-EM-05,EM,1756,no,no,no,no,no,no
323,no,pol,1756-EM-06,EM,1756,no,no,no,no,no,no
324,no,pol,1756-EM-07,EM,1756,no,no,no,no,no,no
325,no,pol,1756-EM-08,EM,1756,no,no,no,no,no,no
326,no,pol,1756-EM-09,EM,1756,no,no,no,no,no,no
327,no,pol,1756-EM-10,EM,1756,no,no,no,no,no,no
328,no,pol,1756-EM-12,EM,1756,no,no,no,no,no,no
329,no,pol,1756-EM-13,EM,1756,no,no,no,no,no,no
330,no,pol,1756-EM-14,EM,1756,no,no,no,no,no,no
331,no,pol,1756-EM-15,EM,1756,no,no,no,no,no,no
332,no,pol,1756-EM-16,EM,1756,no,no,no,no,no,no
333,no,pol,1756-EM-17,EM,1756,no,no,no,no,no,no
334,no,pol,1756-EM-18,EM,1756,no,no,no,no,no,no
335,no,pol,1756-EM-19,EM,1756,no,no,no,no,no,no
336,no,pol,1756-EM-20,EM,1756,no,no,no,no,no,no
337,no,pol,1756-EM-21,EM,1756,no,no,no,no,no,no
338,no,pol,1756-EM-22,EM,1756,no,no,no,no,no,no
339,no,pol,1756-EM-23,EM,1756,no,no,no,no,no,no
340,no,pol,1756-EM-24,EM,1756,no,no,no,no,no,no
341,no,pol,1756-EM-25,EM,1756,no,no,no,no,no,no
342,no,pol,1756-EM-26,EM,1756,no,no,no,no,no,no
343,no,pol,1756-EM-27,EM,1756,no,no,no,no,no,no
344,no,pol,1756-EM-29,EM,1756,no,no,no,no,no,no
345,no,pol,1756-EM-30,EM,1756,no,no,no,no,no,no
346,no,pol,1756-EM-31,EM,1756,no,no,no,no,no,no
347,no,pol,1756-EM-33,EM,1756,no,no,no,no,no,no
348,no,pol,1756-EM-34,EM,1756,no,no,no,no,no,no
349,no,pol,1756-EM-35,EM,1756,no,no,no,no,no,no
350,no,pol,1756-EM-36,EM,1756,no,no,no,no,no,no
351,no,pol,1756-EM-37,EM,1756,no,no,no,no,no,no
352,no,pol,1756-EM-38,EM,1756,no,no,no,no,no,no
353,no,pol,1756-EM-39,EM,1756,no,no,no,no,no,no
354,no,pol,1756-EM-40,EM,1756,no,no,no,no,no,no
355,no,pol,1756-EM-41,EM,1756,no,no,no,no,no,no
356,no,pol,1756-EM-42,EM,1756,no,no,no,no,no,no
357,no,pol,1756-EM-43,EM,1756,no,no,no,no,no,no
358,no,pol,1756-TM-01,TM,1756,no,no,no,no,no,no
359,no,pol,1756-TM-02,TM,1756,no,no,no,no,no,no
360,no,pol,1756-TM-03,TM,1756,no,no,no,no,no,no
361,no,pol,1756-TM-04,TM,1756,no,no,no,no,no,no
362,no,pol,1756-TM-06,TM,1756,no,no,no,no,no,no
363,no,pol,1756-TM-07,TM,1756,no,no,no,no,no,no
364,no,pol,1756-TM-08,TM,1756,no,no,no,no,no,no
365,no,pol,1756-TM-09,TM,1756,no,no,no,no,no,no
366,no,pol,1756-TM-10,TM,1756,no,no,no,no,no,no
367,no,pol,1756-TM-11,TM,1756,no,no,no,no,no,no
368,no,pol,1756-TM-13,TM,1756,no,no,no,no,no,no
369,no,pol,1756-TM-14,TM,1756,no,no,no,no,no,no
370,no,pol,1756-TM-15,TM,1756,no,no,no,no,no,no
371,no,pol,1756-TM-17,TM,1756,no,no,no,no,no,no
372,no,pol,1756-TM-18,TM,1756,no,no,no,no,no,no
373,no,pol,1756-TM-20,TM,1756,no,no,no,no,no,no
374,no,pol,1756-TM-21,TM,1756,no,no,no,no,no,no
375,no,pol,1756-TM-22,TM,1756,no,no,no,no,no,no
376,no,pol,1756-TM-24,TM,1756,no,no,no,no,no,no
377,no,pol,1756-TM-26,TM,1756,no,no,no,no,no,no
378,no,pol,1756-TM-27,TM,1756,no,no,no,no,no,no
379,no,pol,1756-TM-28,TM,1756,no,no,no,no,no,no
380,no,pol,1756-TM-29,TM,1756,no,no,no,no,no,no
381,no,pol,1756-TM-31,TM,1756,no,no,no,no,no,no
382,no,pol,1756-TM-32,TM,1756,no,no,no,no,no,no
383,no,pol,1756-TM-33,TM,1756,no,no,no,no,no,no
384,no,pol,1756-TM-34,TM,1756,no,no,no,no,no,no
385,no,pol,1756-TM-35,TM,1756,no,no,no,no,no,no
386,no,pol,1756-TM-36,TM,1756,no,no,no,no,no,no
387,no,pol,1756-TM-37,TM,1756,no,no,no,no,no,no
388,no,pol,1756-TM-38,TM,1756,no,no,no,no,no,no
389,no,pol,1756-TM-41,TM,1756,no,no,no,no,no,no
390,no,pol,1756-TM-44,TM,1756,no,no,no,no,no,no
391,no,pol,2013-17-N-6,N,2013,no,no,no,no,no,no
392,no,pol,2013-CMDRn-1,CMDRn,2013,no,no,no,no,no,no
393,no,pol,2013-CMDRn-3,CMDRn,2013,no,no,no,no,no,no
394,no,pol,2013-CMDRn-4,CMDRn,2013,no,no,no,no,no,no
395,no,pol,2013-CMDRn-5,CMDRn,2013,no,no,no,no,no,no
396,no,pol,2013-CMDRn-6,CMDRn,2013,no,no,no,no,no,no
397,no,pol,2013-CMDRn-7,CMDRn,2013,no,no,no,no,no,no
398,no,pol,2013-CMDRn-8,CMDRn,2013,no,no,no,no,no,no
399,no,pol,2013-CMDRn-10,CMDRn,2013,no,no,no,no,no,no
400,no,pol,2013-CMDRn-12,CMDRn,2013,no,no,no,no,no,no
401,no,pol,2013-CMDRn-13,CMDRn,2013,no,no,no,no,no,no
402,no,pol,2013-CMDRn-14,CMDRn,2013,no,no,no,no,no,no
403,no,pol,2013-CMDRn-15,CMDRn,2013,no,no,no,no,no,no
404,no,pol,2013-CMDRn-16,CMDRn,2013,no,no,no,no,no,no
405,no,pol,2013-CMDRn-17,CMDRn,2013,no,no,no,no,no,no
406,no,pol,2013-CMDRn-18,CMDRn,2013,no,no,no,no,no,no
407,no,pol,2013-CMDRn-19,CMDRn,2013,no,no,no,no,no,no
408,no,pol,2013-CMDRn-20,CMDRn,2013,no,no,no,no,no,no
409,no,pol,2013-CMDRn-21,CMDRn,2013,no,no,no,no,no,no
410,no,pol,2013-CMDRn-22,CMDRn,2013,no,no,no,no,no,no
411,no,pol,2013-CMDRn-23,CMDRn,2013,no,no,no,no,no,no
412,no,pol,2013-CMDRn-24,CMDRn,2013,no,no,no,no,no,no
413,no,pol,2013-CMDRn-25,CMDRn,2013,no,no,no,no,no,no
414,no,pol,2013-CMDRn-26,CMDRn,2013,no,no,no,no,no,no
415,no,pol,2013-CMDRn-27,CMDRn,2013,no,no,no,no,no,no
416,no,pol,2013-CMDRn-28,CMDRn,2013,no,no,no,no,no,no
417,no,pol,2013-CMDRn-29,CMDRn,2013,no,no,no,no,no,no
418,no,pol,2013-CMDRn-30,CMDRn,2013,no,no,no,no,no,no
419,no,pol,2013-CMDRn-31,CMDRn,2013,no,no,no,no,no,no
420,no,pol,2013-CMDRn-32,CMDRn,2013,no,no,no,no,no,no
421,no,pol,2013-CMDRn-33,CMDRn,2013,no,no,no,no,no,no
422,no,pol,2013-CMDRn-34,CMDRn,2013,no,no,no,no,no,no
423,no,pol,2013-CMDRn-35,CMDRn,2013,no,no,no,no,no,no
424,no,pol,2013-CMDRn-36,CMDRn,2013,no,no,no,no,no,no
425,no,pol,2013-CMDRn-37,CMDRn,2013,no,no,no,no,no,no
426,no,pol,2013-CMDRn-38,CMDRn,2013,no,no,no,no,no,no
427,no,pol,2013-CMDRn-39,CMDRn,2013,no,no,no,no,no,no
428,no,pol,2013-CMDRn-40,CMDRn,2013,no,no,no,no,no,no
429,no,pol,2013-CMDRn-41,CMDRn,2013,no,no,no,no,no,no
430,no,pol,2013-CMDRn-42,CMDRn,2013,no,no,no,no,no,no
431,no,pol,2013-CMDRn-43,CMDRn,2013,no,no,no,no,no,no
432,no,pol,2013-CMDRn-44,CMDRn,2013,no,no,no,no,no,no
433,no,pol,2013-CMDRn-45,CMDRn,2013,no,no,no,no,no,no
434,no,pol,2013-CMDRn-46,CMDRn,2013,no,no,no,no,no,no
435,no,pol,2013-CMDRn-47,CMDRn,2013,no,no,no,no,no,no
436,no,pol,2013-CMDRp-1,CMDRp,2013,no,no,no,no,no,no
437,no,pol,2013-CMDRp-2,CMDRp,2013,no,no,no,no,no,no
438,no,pol,2013-CMDRp-3,CMDRp,2013,no,no,no,no,no,no
439,no,pol,2013-CMDRp-4,CMDRp,2013,no,no,no,no,no,no
440,no,pol,2013-CMDRp-6,CMDRp,2013,no,no,no,no,no,no
441,no,pol,2013-CMDRp-7,CMDRp,2013,no,no,no,no,no,no
442,no,pol,2013-CMDRp-8,CMDRp,2013,no,no,no,no,no,no
443,no,pol,2013-CMDRp-10,CMDRp,2013,no,no,no,no,no,no
444,no,pol,2013-CMDRp-11,CMDRp,2013,no,no,no,no,no,no
445,no,pol,2013-CMDRp-12,CMDRp,2013,no,no,no,no,no,no
446,no,pol,2013-CMDRp-13,CMDRp,2013,no,no,no,no,no,no
447,no,pol,2013-CMDRp-14,CMDRp,2013,no,no,no,no,no,no
448,no,pol,2013-CMDRp-15,CMDRp,2013,no,no,no,no,no,no
449,no,pol,2013-CMDRp-16,CMDRp,2013,no,no,no,no,no,no
450,no,pol,2013-CMDRp-17,CMDRp,2013,no,no,no,no,no,no
451,no,pol,2013-CMDRp-18,CMDRp,2013,no,no,no,no,no,no
452,no,pol,2013-CMDRp-19,CMDRp,2013,no,no,no,no,no,no
453,no,pol,2013-CMDRp-20,CMDRp,2013,no,no,no,no,no,no
454,no,pol,2013-CMDRp-21,CMDRp,2013,no,no,no,no,no,no
455,no,pol,2013-CMDRp-22,CMDRp,2013,no,no,no,no,no,no
456,no,pol,2013-CMDRp-23,CMDRp,2013,no,no,no,no,no,no
457,no,pol,2013-CMDRp-24,CMDRp,2013,no,no,no,no,no,no
458,no,pol,2013-CMDRp-25,CMDRp,2013,no,no,no,no,no,no
459,no,pol,2013-CMDRp-26,CMDRp,2013,no,no,no,no,no,no
460,no,pol,2013-CMDRp-27,CMDRp,2013,no,no,no,no,no,no
461,no,pol,2013-CMDRp-28,CMDRp,2013,no,no,no,no,no,no
462,no,pol,2013-CMDRp-29,CMDRp,2013,no,no,no,no,no,no
463,no,pol,2013-CMDRp-30,CMDRp,2013,no,no,no,no,no,no
464,no,pol,2013-CMDRp-31,CMDRp,2013,no,no,no,no,no,no
465,no,pol,2013-CMDRp-32,CMDRp,2013,no,no,no,no,no,no
466,no,pol,2013-CMDRp-33,CMDRp,2013,no,no,no,no,no,no
467,no,pol,2013-CMDRp-34,CMDRp,2013,no,no,no,no,no,no
468,no,pol,2013-CMDRp-35,CMDRp,2013,no,no,no,no,no,no
469,no,pol,2013-CMDRp-36,CMDRp,2013,no,no,no,no,no,no
470,no,pol,2013-CMDRp-37,CMDRp,2013,no,no,no,no,no,no
471,no,pol,2013-CMDRp-38,CMDRp,2013,no,no,no,no,no,no
472,no,pol,2013-CMDRp-39,CMDRp,2013,no,no,no,no,no,no
473,no,pol,2013-CMDRp-40,CMDRp,2013,no,no,no,no,no,no
474,no,pol,2013-CMDRp-41,CMDRp,2013,no,no,no,no,no,no
475,no,pol,2013-CMDRp-42,CMDRp,2013,no,no,no,no,no,no
476,no,pol,2013-CMDRp-43,CMDRp,2013,no,no,no,no,no,no
477,no,pol,2013-TMDRn-1,TMDRn,2013,no,no,no,no,no,no
478,no,pol,2013-TMDRn-2,TMDRn,2013,no,no,no,no,no,no
479,no,pol,2013-TMDRn-4,TMDRn,2013,no,no,no,no,no,no
480,no,pol,2013-TMDRn-7,TMDRn,2013,no,no,no,no,no,no
481,no,pol,2013-TMDRn-8,TMDRn,2013,no,no,no,no,no,no
482,no,pol,2013-TMDRn-9,TMDRn,2013,no,no,no,no,no,no
483,no,pol,2013-TMDRn-10,TMDRn,2013,no,no,no,no,no,no
484,no,pol,2013-TMDRn-11,TMDRn,2013,no,no,no,no,no,no
485,no,pol,2013-TMDRn-12,TMDRn,2013,no,no,no,no,no,no
486,no,pol,2013-TMDRn-14,TMDRn,2013,no,no,no,no,no,no
487,no,pol,2013-TMDRn-15,TMDRn,2013,no,no,no,no,no,no
488,no,pol,2013-TMDRn-16,TMDRn,2013,no,no,no,no,no,no
489,no,pol,2013-TMDRn-17,TMDRn,2013,no,no,no,no,no,no
490,no,pol,2013-TMDRn-18,TMDRn,2013,no,no,no,no,no,no
491,no,pol,2013-TMDRn-19,TMDRn,2013,no,no,no,no,no,no
492,no,pol,2013-TMDRn-20,TMDRn,2013,no,no,no,no,no,no
493,no,pol,2013-TMDRn-21,TMDRn,2013,no,no,no,no,no,no
494,no,pol,2013-TMDRn-22,TMDRn,2013,no,no,no,no,no,no
495,no,pol,2013-TMDRn-23,TMDRn,2013,no,no,no,no,no,no
496,no,pol,2013-TMDRn-24,TMDRn,2013,no,no,no,no,no,no
497,no,pol,2013-TMDRn-25,TMDRn,2013,no,no,no,no,no,no
498,no,pol,2013-TMDRn-27,TMDRn,2013,no,no,no,no,no,no
499,no,pol,2013-TMDRn-28,TMDRn,2013,no,no,no,no,no,no
500,no,pol,2013-TMDRn-29,TMDRn,2013,no,no,no,no,no,no
501,no,pol,2013-TMDRn-31,TMDRn,2013,no,no,no,no,no,no
502,no,pol,2013-TMDRn-32,TMDRn,2013,no,no,no,no,no,no
503,no,pol,2013-TMDRp-2,TMDRp,2013,no,no,no,no,no,no
504,no,pol,2013-TMDRp-3,TMDRp,2013,no,no,no,no,no,no
505,no,pol,2013-TMDRp-4,TMDRp,2013,no,no,no,no,no,no
506,no,pol,2013-TMDRp-5,TMDRp,2013,no,no,no,no,no,no
507,no,pol,2013-TMDRp-6,TMDRp,2013,no,no,no,no,no,no
508,no,pol,2013-TMDRp-7,TMDRp,2013,no,no,no,no,no,no
509,no,pol,2013-TMDRp-8,TMDRp,2013,no,no,no,no,no,no
510,no,pol,2013-TMDRp-9,TMDRp,2013,no,no,no,no,no,no
511,no,pol,2013-TMDRp-10,TMDRp,2013,no,no,no,no,no,no
512,no,pol,2013-TMDRp-11,TMDRp,2013,no,no,no,no,no,no
513,no,pol,2013-TMDRp-12,TMDRp,2013,no,no,no,no,no,no
514,no,pol,2013-TMDRp-13,TMDRp,2013,no,no,no,no,no,no
515,no,pol,2013-TMDRp-14,TMDRp,2013,no,no,no,no,no,no
516,no,pol,2013-TMDRp-15,TMDRp,2013,no,no,no,no,no,no
517,no,pol,2013-TMDRp-16,TMDRp,2013,no,no,no,no,no,no
518,no,pol,2013-TMDRp-17,TMDRp,2013,no,no,no,no,no,no
519,no,pol,2013-TMDRp-18,TMDRp,2013,no,no,no,no,no,no
520,no,pol,2013-TMDRp-19,TMDRp,2013,no,no,no,no,no,no
521,no,pol,2013-TMDRp-20,TMDRp,2013,no,no,no,no,no,no
522,no,pol,2013-TMDRp-21,TMDRp,2013,no,no,no,no,no,no
523,no,pol,2013-TMDRp-22,TMDRp,2013,no,no,no,no,no,no
524,no,pol,2013-TMDRp-23,TMDRp,2013,no,no,no,no,no,no
525,no,pol,2013-TMDRp-24,TMDRp,2013,no,no,no,no,no,no
526,no,pol,2013-TMDRp-25,TMDRp,2013,no,no,no,no,no,no
527,no,pol,2013-TMDRp-26,TMDRp,2013,no,no,no,no,no,no
528,no,pol,2013-TMDRp-27,TMDRp,2013,no,no,no,no,no,no
529,no,pol,2013-TMDRp-29,TMDRp,2013,no,no,no,no,no,no
530,no,pol,2013-TMDRp-31,TMDRp,2013,no,no,no,no,no,no
531,no,pol,2013-TMDRp-32,TMDRp,2013,no,no,no,no,no,no
532,no,pol,2013-TMDRp-33,TMDRp,2013,no,no,no,no,no,no
533,no,pol,2013-TMDRp-34,TMDRp,2013,no,no,no,no,no,no
534,no,pol,2013-TMDRp-35,TMDRp,2013,no,no,no,no,no,no
535,no,pol,2013-TMDRp-36,TMDRp,2013,no,no,no,no,no,no
536,no,pol,2013-EMDRn-1,EMDRn,2013,no,no,no,no,no,no
537,no,pol,2013-EMDRn-2,EMDRn,2013,no,no,no,no,no,no
538,no,pol,2013-EMDRn-3,EMDRn,2013,no,no,no,no,no,no
539,no,pol,2013-EMDRn-4,EMDRn,2013,no,no,no,no,no,no
540,no,pol,2013-EMDRn-5,EMDRn,2013,no,no,no,no,no,no
541,no,pol,2013-EMDRn-6,EMDRn,2013,no,no,no,no,no,no
542,no,pol,2013-EMDRn-7,EMDRn,2013,no,no,no,no,no,no
543,no,pol,2013-EMDRn-8,EMDRn,2013,no,no,no,no,no,no
544,no,pol,2013-EMDRn-9,EMDRn,2013,no,no,no,no,no,no
545,no,pol,2013-EMDRn-10,EMDRn,2013,no,no,no,no,no,no
546,no,pol,2013-EMDRn-11,EMDRn,2013,no,no,no,no,no,no
547,no,pol,2013-EMDRn-12,EMDRn,2013,no,no,no,no,no,no
548,no,pol,2013-EMDRn-13,EMDRn,2013,no,no,no,no,no,no
549,no,pol,2013-EMDRn-14,EMDRn,2013,no,no,no,no,no,no
550,no,pol,2013-EMDRn-15,EMDRn,2013,no,no,no,no,no,no
551,no,pol,2013-EMDRn-16,EMDRn,2013,no,no,no,no,no,no
552,no,pol,2013-EMDRn-18,EMDRn,2013,no,no,no,no,no,no
553,no,pol,2013-EMDRn-20,EMDRn,2013,no,no,no,no,no,no
554,no,pol,2013-EMDRn-21,EMDRn,2013,no,no,no,no,no,no
555,no,pol,2013-EMDRn-22,EMDRn,2013,no,no,no,no,no,no
556,no,pol,2013-EMDRn-23,EMDRn,2013,no,no,no,no,no,no
557,no,pol,2013-EMDRn-26,EMDRn,2013,no,no,no,no,no,no
558,no,pol,2013-EMDRn-27,EMDRn,2013,no,no,no,no,no,no
559,no,pol,2013-EMDRn-28,EMDRn,2013,no,no,no,no,no,no
560,no,pol,2013-EMDRn-29,EMDRn,2013,no,no,no,no,no,no
561,no,pol,2013-EMDRn-30,EMDRn,2013,no,no,no,no,no,no
562,no,pol,2013-EMDRn-31,EMDRn,2013,no,no,no,no,no,no
563,no,pol,2013-EMDRn-32,EMDRn,2013,no,no,no,no,no,no
564,no,pol,2013-EMDRn-33,EMDRn,2013,no,no,no,no,no,no
565,no,pol,2013-EMDRn-34,EMDRn,2013,no,no,no,no,no,no
566,no,pol,2013-EMDRn-36,EMDRn,2013,no,no,no,no,no,no
567,no,pol,2013-EMDRn-37,EMDRn,2013,no,no,no,no,no,no
568,no,pol,2013-EMDRn-38,EMDRn,2013,no,no,no,no,no,no
569,no,pol,2013-EMDRn-39,EMDRn,2013,no,no,no,no,no,no
570,no,pol,2013-EMDRn-40,EMDRn,2013,no,no,no,no,no,no
571,no,pol,2013-EMDRn-41,EMDRn,2013,no,no,no,no,no,no
572,no,pol,2013-EMDRn-42,EMDRn,2013,no,no,no,no,no,no
573,no,pol,2013-EMDRn-43,EMDRn,2013,no,no,no,no,no,no
574,no,pol,2013-EMDRn-44,EMDRn,2013,no,no,no,no,no,no
575,no,pol,2013-EMDRp-1,EMDRp,2013,no,no,no,no,no,no
576,no,pol,2013-EMDRp-2,EMDRp,2013,no,no,no,no,no,no
577,no,pol,2013-EMDRp-3,EMDRp,2013,no,no,no,no,no,no
578,no,pol,2013-EMDRp-4,EMDRp,2013,no,no,no,no,no,no
579,no,pol,2013-EMDRp-5,EMDRp,2013,no,no,no,no,no,no
580,no,pol,2013-EMDRp-6,EMDRp,2013,no,no,no,no,no,no
581,no,pol,2013-EMDRp-7,EMDRp,2013,no,no,no,no,no,no
582,no,pol,2013-EMDRp-8,EMDRp,2013,no,no,no,no,no,no
583,no,pol,2013-EMDRp-9,EMDRp,2013,no,no,no,no,no,no
584,no,pol,2013-EMDRp-10,EMDRp,2013,no,no,no,no,no,no
585,no,pol,2013-EMDRp-11,EMDRp,2013,no,no,no,no,no,no
586,no,pol,2013-EMDRp-12,EMDRp,2013,no,no,no,no,no,no
587,no,pol,2013-EMDRp-13,EMDRp,2013,no,no,no,no,no,no
588,no,pol,2013-EMDRp-16,EMDRp,2013,no,no,no,no,no,no
589,no,pol,2013-EMDRp-17,EMDRp,2013,no,no,no,no,no,no
590,no,pol,2013-EMDRp-18,EMDRp,2013,no,no,no,no,no,no
591,no,pol,2013-EMDRp-19,EMDRp,2013,no,no,no,no,no,no
592,no,pol,2013-EMDRp-21,EMDRp,2013,no,no,no,no,no,no
593,no,pol,2013-EMDRp-20,EMDRp,2013,no,no,no,no,no,no
594,no,pol,2013-EMDRp-22,EMDRp,2013,no,no,no,no,no,no
595,no,pol,2013-EMDRp-23,EMDRp,2013,no,no,no,no,no,no
596,no,pol,2013-EMDRp-24,EMDRp,2013,no,no,no,no,no,no
597,no,pol,2013-EMDRp-25,EMDRp,2013,no,no,no,no,no,no
598,no,pol,2013-EMDRp-26,EMDRp,2013,no,no,no,no,no,no
599,no,pol,2013-EMDRp-27,EMDRp,2013,no,no,no,no,no,no
600,no,pol,2013-EMDRp-28,EMDRp,2013,no,no,no,no,no,no
601,no,pol,2013-EMDRp-29,EMDRp,2013,no,no,no,no,no,no
602,no,pol,2013-EMDRp-30,EMDRp,2013,no,no,no,no,no,no
603,no,pol,2013-EMDRp-31,EMDRp,2013,no,no,no,no,no,no
604,no,pol,2013-EMDRp-33,EMDRp,2013,no,no,no,no,no,no
605,no,pol,2026-PBCM-1,PBCM,2026,no,no,no,no,no,no
606,no,pol,2026-PBEM-11,PBEM,2026,no,no,no,no,no,no
607,no,pol,2026-PBEM-12,PBEM,2026,no,no,no,no,no,no
608,no,pol,2026-PBEM-13,PBEM,2026,no,no,no,no,no,no
609,no,pol,2026-PBEM-15,PBEM,2026,no,no,no,no,no,no
610,no,pol,2026-PBEM-17,PBEM,2026,no,no,no,no,no,no
611,no,pol,2026-PBEM-18,PBEM,2026,no,no,no,no,no,no
612,no,pol,2026-PBEM-19,PBEM,2026,no,no,no,no,no,no
613,no,pol,2026-PBEM-2,PBEM,2026,no,no,no,no,no,no
614,no,pol,2026-PBEM-20,PBEM,2026,no,no,no,no,no,no
615,no,pol,2026-PBEM-21,PBEM,2026,no,no,no,no,no,no
616,no,pol,2026-PBEM-22,PBEM,2026,no,no,no,no,no,no
617,no,pol,2026-PBEM-23,PBEM,2026,no,no,no,no,no,no
618,no,pol,2026-PBEM-24,PBEM,2026,no,no,no,no,no,no
619,no,pol,2026-PBEM-25,PBEM,2026,no,no,no,no,no,no
620,no,pol,2026-PBEM-26,PBEM,2026,no,no,no,no,no,no
621,no,pol,2026-PBEM-27,PBEM,2026,no,no,no,no,no,no
622,no,pol,2026-PBEM-28,PBEM,2026,no,no,no,no,no,no
623,no,pol,2026-PBEM-29,PBEM,2026,no,no,no,no,no,no
624,no,pol,2026-PBEM-3,PBEM,2026,no,no,no,no,no,no
625,no,pol,2026-PBEM-30,PBEM,2026,no,no,no,no,no,no
626,no,pol,2026-PBEM-31,PBEM,2026,no,no,no,no,no,no
627,no,pol,2026-PBEM-34,PBEM,2026,no,no,no,no,no,no
628,no,pol,2026-PBEM-35,PBEM,2026,no,no,no,no,no,no
629,no,pol,2026-PBEM-36,PBEM,2026,no,no,no,no,no,no
630,no,pol,2026-PBEM-37,PBEM,2026,no,no,no,no,no,no
631,no,pol,2026-PBEM-39,PBEM,2026,no,no,no,no,no,no
632,no,pol,2026-PBEM-4,PBEM,2026,no,no,no,no,no,no
633,no,pol,2026-PBEM-40,PBEM,2026,no,no,no,no,no,no
634,no,pol,2026-PBEM-5,PBEM,2026,no,no,no,no,no,no
635,no,pol,2026-PBEM-6,PBEM,2026,no,no,no,no,no,no
636,no,pol,2026-PBEM-7,PBEM,2026,no,no,no,no,no,no
637,no,pol,2026-PBEM-8,PBEM,2026,no,no,no,no,no,no
638,no,pol,2026-PBEM-9,PBEM,2026,no,no,no,no,no,no
639,no,pol,2026-PBNV-1,PBNV,2026,no,no,no,no,no,no
640,no,pol,2026-PBNV-10,PBNV,2026,no,no,no,no,no,no
641,no,pol,2026-PBNV-11,PBNV,2026,no,no,no,no,no,no
642,no,pol,2026-PBNV-12,PBNV,2026,no,no,no,no,no,no
643,no,pol,2026-PBNV-13,PBNV,2026,no,no,no,no,no,no
644,no,pol,2026-PBNV-14,PBNV,2026,no,no,no,no,no,no
645,no,pol,2026-PBNV-16,PBNV,2026,no,no,no,no,no,no
646,no,pol,2026-PBNV-17,PBNV,2026,no,no,no,no,no,no
647,no,pol,2026-PBNV-19,PBNV,2026,no,no,no,no,no,no
648,no,pol,2026-PBNV-20,PBNV,2026,no,no,no,no,no,no
649,no,pol,2026-PBNV-21,PBNV,2026,no,no,no,no,no,no
650,no,pol,2026-PBNV-22,PBNV,2026,no,no,no,no,no,no
651,no,pol,2026-PBNV-23,PBNV,2026,no,no,no,no,no,no
652,no,pol,2026-PBNV-24,PBNV,2026,no,no,no,no,no,no
653,no,pol,2026-PBNV-25,PBNV,2026,no,no,no,no,no,no
654,no,pol,2026-PBNV-26,PBNV,2026,no,no,no,no,no,no
655,no,pol,2026-PBNV-27,PBNV,2026,no,no,no,no,no,no
656,no,pol,2026-PBNV-28,PBNV,2026,no,no,no,no,no,no
657,no,pol,2026-PBNV-29,PBNV,2026,no,no,no,no,no,no
658,no,pol,2026-PBNV-3,PBNV,2026,no,no,no,no,no,no
659,no,pol,2026-PBNV-4,PBNV,2026,no,no,no,no,no,no
660,no,pol,2026-PBNV-6,PBNV,2026,no,no,no,no,no,no
661,no,pol,2026-PBNV-7,PBNV,2026,no,no,no,no,no,no
662,no,pol,2026-PBNV-8,PBNV,2026,no,no,no,no,no,no
663,no,pol,2026-PBNV-9,PBNV,2026,no,no,no,no,no,no
664,no,pol,2026-PBTM-1,PBTM,2026,no,no,no,no,no,no
665,no,pol,2026-PBTM-10,PBTM,2026,no,no,no,no,no,no
666,no,pol,2026-PBTM-11,PBTM,2026,no,no,no,no,no,no
667,no,pol,2026-PBTM-12,PBTM,2026,no,no,no,no,no,no
668,no,pol,2026-PBTM-13,PBTM,2026,no,no,no,no,no,no
669,no,pol,2026-PBTM-2,PBTM,2026,no,no,no,no,no,no
670,no,pol,2026-PBTM-3,PBTM,2026,no,no,no,no,no,no
671,no,pol,2026-PBTM-5,PBTM,2026,no,no,no,no,no,no
672,no,pol,2026-PBTM-7,PBTM,2026,no,no,no,no,no,no
673,no,pol,2026-PBTM-8,PBTM,2026,no,no,no,no,no,no
674,no,pol,2026-17-N-1,N,2026,no,no,no,no,no,no
675,no,pol,2026-17-N-3,N,2026,no,no,no,no,no,no
676,no,pol,2026-17-N-4,N,2026,no,no,no,no,no,no
677,no,pol,2026-17-N-5,N,2026,no,no,no,no,no,no
678,no,pol,2026-17-N-6,N,2026,no,no,no,no,no,no
679,no,pol,2026-17-N-7,N,2026,no,no,no,no,no,no
680,no,pol,2026-17-N-8,N,2026,no,no,no,no,no,no
681,no,pol,2026-17-N-9,N,2026,no,no,no,no,no,no
682,no,pol,2026-17-N-10,N,2026,no,no,no,no,no,no
683,no,pol,2026-17-N-11,N,2026,no,no,no,no,no,no
684,no,pol,2026-17-N-12,N,2026,no,no,no,no,no,no
685,no,pol,2026-17-N-13,N,2026,no,no,no,no,no,no
686,no,pol,2026-17-N-14,N,2026,no,no,no,no,no,no
687,no,pol,2026-17-N-15,N,2026,no,no,no,no,no,no
688,no,pol,2026-17-N-16,N,2026,no,no,no,no,no,no
689,no,pol,2026-17-N-18,N,2026,no,no,no,no,no,no
690,no,pol,2026-17-N-19,N,2026,no,no,no,no,no,no
691,no,pol,2026-17-N-20,N,2026,no,no,no,no,no,no
692,no,pol,2026-17-N-26,N,2026,no,no,no,no,no,no
693,no,pol,2026-17-N-27,N,2026,no,no,no,no,no,no
694,no,pol,2026-17-N-28,N,2026,no,no,no,no,no,no
695,no,pol,2026-17-N-29,N,2026,no,no,no,no,no,no
696,no,pol,2026-17-N-30,N,2026,no,no,no,no,no,no
697,no,pol,2026-17-N-31,N,2026,no,no,no,no,no,no
698,no,pol,2026-17-N-32,N,2026,no,no,no,no,no,no
699,no,pol,2026-17-N-33,N,2026,no,no,no,no,no,no
700,no,pol,2026-17-N-34,N,2026,no,no,no,no,no,no
701,no,pol,2026-17-N-35,N,2026,no,no,no,no,no,no
702,no,pol,2026-17-N-36,N,2026,no,no,no,no,no,no
703,no,pol,2026-17-N-37,N,2026,no,no,no,no,no,no
704,no,pol,2026-17-N-38,N,2026,no,no,no,no,no,no
705,no,pol,2026-17-N-39,N,2026,no,no,no,no,no,no
706,no,pol,2026-CMDRn-1,CMDRn,2026,no,no,no,no,no,no
707,no,pol,2026-CMDRn-3,CMDRn,2026,no,no,no,no,no,no
708,no,pol,2026-CMDRn-4,CMDRn,2026,no,no,no,no,no,no
709,no,pol,2026-CMDRn-5,CMDRn,2026,no,no,no,no,no,no
710,no,pol,2026-CMDRn-6,CMDRn,2026,no,no,no,no,no,no
711,no,pol,2026-CMDRn-7,CMDRn,2026,no,no,no,no,no,no
712,no,pol,2026-CMDRn-9,CMDRn,2026,no,no,no,no,no,no
713,no,pol,2026-CMDRn-10,CMDRn,2026,no,no,no,no,no,no
714,no,pol,2026-CMDRn-11,CMDRn,2026,no,no,no,no,no,no
715,no,pol,2026-CMDRn-12,CMDRn,2026,no,no,no,no,no,no
716,no,pol,2026-CMDRn-13,CMDRn,2026,no,no,no,no,no,no
717,no,pol,2026-CMDRn-15,CMDRn,2026,no,no,no,no,no,no
718,no,pol,2026-CMDRn-17,CMDRn,2026,no,no,no,no,no,no
719,no,pol,2026-CMDRn-18,CMDRn,2026,no,no,no,no,no,no
720,no,pol,2026-CMDRn-19,CMDRn,2026,no,no,no,no,no,no
721,no,pol,2026-CMDRn-20,CMDRn,2026,no,no,no,no,no,no
722,no,pol,2026-CMDRn-21,CMDRn,2026,no,no,no,no,no,no
723,no,pol,2026-CMDRn-22,CMDRn,2026,no,no,no,no,no,no
724,no,pol,2026-CMDRn-23,CMDRn,2026,no,no,no,no,no,no
725,no,pol,2026-CMDRn-24,CMDRn,2026,no,no,no,no,no,no
726,no,pol,2026-CMDRn-25,CMDRn,2026,no,no,no,no,no,no
727,no,pol,2026-CMDRn-26,CMDRn,2026,no,no,no,no,no,no
728,no,pol,2026-CMDRn-27,CMDRn,2026,no,no,no,no,no,no
729,no,pol,2026-CMDRn-29,CMDRn,2026,no,no,no,no,no,no
730,no,pol,2026-CMDRn-30,CMDRn,2026,no,no,no,no,no,no
731,no,pol,2026-CMDRn-38,CMDRn,2026,no,no,no,no,no,no
732,no,pol,2026-CMDRn-31,CMDRn,2026,no,no,no,no,no,no
733,no,pol,2026-CMDRn-32,CMDRn,2026,no,no,no,no,no,no
734,no,pol,2026-CMDRn-33,CMDRn,2026,no,no,no,no,no,no
735,no,pol,2026-CMDRn-34,CMDRn,2026,no,no,no,no,no,no
736,no,pol,2026-CMDRn-35,CMDRn,2026,no,no,no,no,no,no
737,no,pol,2026-CMDRn-36,CMDRn,2026,no,no,no,no,no,no
738,no,pol,2026-CMDRn-37,CMDRn,2026,no,no,no,no,no,no
739,no,pol,2026-CMDRp-1,CMDRp,2026,no,no,no,no,no,no
740,no,pol,2026-CMDRp-3,CMDRp,2026,no,no,no,no,no,no
741,no,pol,2026-CMDRp-4,CMDRp,2026,no,no,no,no,no,no
742,no,pol,2026-CMDRp-5,CMDRp,2026,no,no,no,no,no,no
743,no,pol,2026-CMDRp-6,CMDRp,2026,no,no,no,no,no,no
744,no,pol,2026-CMDRp-9,CMDRp,2026,no,no,no,no,no,no
745,no,pol,2026-CMDRp-10,CMDRp,2026,no,no,no,no,no,no
746,no,pol,2026-CMDRp-11,CMDRp,2026,no,no,no,no,no,no
747,no,pol,2026-CMDRp-12,CMDRp,2026,no,no,no,no,no,no
748,no,pol,2026-CMDRp-13,CMDRp,2026,no,no,no,no,no,no
749,no,pol,2026-CMDRp-16,CMDRp,2026,no,no,no,no,no,no
750,no,pol,2026-TMDRn-1,TMDRn,2026,no,no,no,no,no,no
751,no,pol,2026-TMDRn-2,TMDRn,2026,no,no,no,no,no,no
752,no,pol,2026-TMDRn-3,TMDRn,2026,no,no,no,no,no,no
753,no,pol,2026-TMDRn-4,TMDRn,2026,no,no,no,no,no,no
754,no,pol,2026-TMDRn-5,TMDRn,2026,no,no,no,no,no,no
755,no,pol,2026-TMDRn-6,TMDRn,2026,no,no,no,no,no,no
756,no,pol,2026-TMDRn-7,TMDRn,2026,no,no,no,no,no,no
757,no,pol,2026-TMDRn-8,TMDRn,2026,no,no,no,no,no,no
758,no,pol,2026-TMDRn-9,TMDRn,2026,no,no,no,no,no,no
759,no,pol,2026-TMDRn-10,TMDRn,2026,no,no,no,no,no,no
760,no,pol,2026-TMDRn-11,TMDRn,2026,no,no,no,no,no,no
761,no,pol,2026-TMDRn-12,TMDRn,2026,no,no,no,no,no,no
762,no,pol,2026-TMDRn-13,TMDRn,2026,no,no,no,no,no,no
763,no,pol,2026-TMDRn-14,TMDRn,2026,no,no,no,no,no,no
764,no,pol,2026-TMDRn-15,TMDRn,2026,no,no,no,no,no,no
765,no,pol,2026-TMDRn-16,TMDRn,2026,no,no,no,no,no,no
766,no,pol,2026-TMDRn-17,TMDRn,2026,no,no,no,no,no,no
767,no,pol,2026-TMDRn-18,TMDRn,2026,no,no,no,no,no,no
768,no,pol,2026-TMDRn-19,TMDRn,2026,no,no,no,no,no,no
769,no,pol,2026-TMDRn-20,TMDRn,2026,no,no,no,no,no,no
770,no,pol,2026-TMDRn-21,TMDRn,2026,no,no,no,no,no,no
771,no,pol,2026-TMDRn-22,TMDRn,2026,no,no,no,no,no,no
772,no,pol,2026-TMDRn-23,TMDRn,2026,no,no,no,no,no,no
773,no,pol,2026-TMDRn-26,TMDRn,2026,no,no,no,no,no,no
774,no,pol,2026-TMDRn-24,TMDRn,2026,no,no,no,no,no,no
775,no,pol,2026-TMDRn-25,TMDRn,2026,no,no,no,no,no,no
776,no,pol,2026-TMDRn-28,TMDRn,2026,no,no,no,no,no,no
777,no,pol,2026-TMDRn-29,TMDRn,2026,no,no,no,no,no,no
778,no,pol,2026-TMDRn-30,TMDRn,2026,no,no,no,no,no,no
779,no,pol,2026-TMDRn-31,TMDRn,2026,no,no,no,no,no,no
780,no,pol,2026-TMDRn-33,TMDRn,2026,no,no,no,no,no,no
781,no,pol,2026-TMDRn-34,TMDRn,2026,no,no,no,no,no,no
782,no,pol,2026-TMDRn-35,TMDRn,2026,no,no,no,no,no,no
783,no,pol,2026-TMDRn-36,TMDRn,2026,no,no,no,no,no,no
784,no,pol,2026-TMDRn-37,TMDRn,2026,no,no,no,no,no,no
785,no,pol,2026-TMDRp-1,TMDRp,2026,no,no,no,no,no,no
786,no,pol,2026-TMDRp-2,TMDRp,2026,no,no,no,no,no,no
787,no,pol,2026-TMDRp-4,TMDRp,2026,no,no,no,no,no,no
788,no,pol,2026-TMDRp-5,TMDRp,2026,no,no,no,no,no,no
789,no,pol,2026-TMDRp-6,TMDRp,2026,no,no,no,no,no,no
790,no,pol,2026-TMDRp-9,TMDRp,2026,no,no,no,no,no,no
791,no,pol,2026-TMDRp-10,TMDRp,2026,no,no,no,no,no,no
792,no,pol,2026-TMDRp-11,TMDRp,2026,no,no,no,no,no,no
793,no,pol,2026-TMDRp-13,TMDRp,2026,no,no,no,no,no,no
794,no,pol,2026-TMDRp-14,TMDRp,2026,no,no,no,no,no,no
795,no,pol,2026-TMDRp-16,TMDRp,2026,no,no,no,no,no,no
796,no,pol,2026-EMDRn-1,EMDRn,2026,no,no,no,no,no,no
797,no,pol,2026-EMDRn-2,EMDRn,2026,no,no,no,no,no,no
798,no,pol,2026-EMDRn-3,EMDRn,2026,no,no,no,no,no,no
799,no,pol,2026-EMDRn-4,EMDRn,2026,no,no,no,no,no,no
800,no,pol,2026-EMDRn-5,EMDRn,2026,no,no,no,no,no,no
801,no,pol,2026-EMDRn-6,EMDRn,2026,no,no,no,no,no,no
802,no,pol,2026-EMDRn-7,EMDRn,2026,no,no,no,no,no,no
803,no,pol,2026-EMDRn-8,EMDRn,2026,no,no,no,no,no,no
804,no,pol,2026-EMDRn-9,EMDRn,2026,no,no,no,no,no,no
805,no,pol,2026-EMDRn-10,EMDRn,2026,no,no,no,no,no,no
806,no,pol,2026-EMDRn-11,EMDRn,2026,no,no,no,no,no,no
807,no,pol,2026-EMDRn-12,EMDRn,2026,no,no,no,no,no,no
808,no,pol,2026-EMDRn-13,EMDRn,2026,no,no,no,no,no,no
809,no,pol,2026-EMDRn-15,EMDRn,2026,no,no,no,no,no,no
810,no,pol,2026-EMDRn-16,EMDRn,2026,no,no,no,no,no,no
811,no,pol,2026-EMDRn-17,EMDRn,2026,no,no,no,no,no,no
812,no,pol,2026-EMDRn-18,EMDRn,2026,no,no,no,no,no,no
813,no,pol,2026-EMDRn-19,EMDRn,2026,no,no,no,no,no,no
814,no,pol,2026-EMDRn-20,EMDRn,2026,no,no,no,no,no,no
815,no,pol,2026-EMDRn-21,EMDRn,2026,no,no,no,no,no,no
816,no,pol,2026-EMDRn-22,EMDRn,2026,no,no,no,no,no,no
817,no,pol,2026-EMDRn-23,EMDRn,2026,no,no,no,no,no,no
818,no,pol,2026-EMDRn-24,EMDRn,2026,no,no,no,no,no,no
819,no,pol,2026-EMDRn-25,EMDRn,2026,no,no,no,no,no,no
820,no,pol,2026-EMDRn-26,EMDRn,2026,no,no,no,no,no,no
821,no,pol,2026-EMDRn-27,EMDRn,2026,no,no,no,no,no,no
822,no,pol,2026-EMDRn-28,EMDRn,2026,no,no,no,no,no,no
823,no,pol,2026-EMDRn-29,EMDRn,2026,no,no,no,no,no,no
824,no,pol,2026-EMDRn-30,EMDRn,2026,no,no,no,no,no,no
825,no,pol,2026-EMDRn-31,EMDRn,2026,no,no,no,no,no,no
826,no,pol,2026-EMDRn-32,EMDRn,2026,no,no,no,no,no,no
827,no,pol,2026-EMDRn-33,EMDRn,2026,no,no,no,no,no,no
828,no,pol,2026-EMDRn-34,EMDRn,2026,no,no,no,no,no,no
829,no,pol,2026-EMDRn-35,EMDRn,2026,no,no,no,no,no,no
830,no,pol,2026-EMDRn-36,EMDRn,2026,no,no,no,no,no,no
831,no,pol,2026-EMDRn-37,EMDRn,2026,no,no,no,no,no,no
832,no,pol,2026-EMDRn-38,EMDRn,2026,no,no,no,no,no,no
833,no,pol,2026-EMDRn-39,EMDRn,2026,no,no,no,no,no,no
834,no,pol,2026-EMDRn-40,EMDRn,2026,no,no,no,no,no,no
835,no,pol,2026-EMDRp-1,EMDRp,2026,no,no,no,no,no,no
836,no,pol,2026-EMDRp-2,EMDRp,2026,no,no,no,no,no,no
837,no,pol,2026-EMDRp-3,EMDRp,2026,no,no,no,no,no,no
838,no,pol,2026-EMDRp-4,EMDRp,2026,no,no,no,no,no,no
839,no,pol,2026-EMDRp-5,EMDRp,2026,no,no,no,no,no,no
840,no,pol,2026-EMDRp-8,EMDRp,2026,no,no,no,no,no,no
841,no,pol,2026-EMDRp-9,EMDRp,2026,no,no,no,no,no,no
842,no,pol,2026-EMDRp-10,EMDRp,2026,no,no,no,no,no,no
843,no,pol,2026-EMDRp-11,EMDRp,2026,no,no,no,no,no,no
844,no,pol,2026-EMDRp-12,EMDRp,2026,no,no,no,no,no,no
845,no,pol,2026-EMDRp-13,EMDRp,2026,no,no,no,no,no,no
846,no,pol,2026-EMDRp-14,EMDRp,2026,no,no,no,no,no,no
847,no,pol,2026-EMDRp-15,EMDRp,2026,no,no,no,no,no,no
848,no,pol,2026-EMDRp-16,EMDRp,2026,no,no,no,no,no,no
849,no,pol,2026-EMDRp-17,EMDRp,2026,no,no,no,no,no,no
850,no,pol,2026-EMDRp-21,EMDRp,2026,no,no,no,no,no,no
851,no,pol,2026-EMDRp-22,EMDRp,2026,no,no,no,no,no,no
852,no,pol,2026-EMDRp-23,EMDRp,2026,no,no,no,no,no,no
853,no,pol,2026-EMDRp-24,EMDRp,2026,no,no,no,no,no,no
854,no,pol,2026-EMDRp-25,EMDRp,2026,no,no,no,no,no,no
855,no,pol,2026-EMDRp-26,EMDRp,2026,no,no,no,no,no,no
856,no,pol,2026-EMDRp-27,EMDRp,2026,no,no,no,no,no,no
857,no,pol,2026-EMDRp-28,EMDRp,2026,no,no,no,no,no,no
858,no,pol,2026-EMDRp-29,EMDRp,2026,no,no,no,no,no,no
859,no,pol,2026-EMDRp-31,EMDRp,2026,no,no,no,no,no,no
860,no,pol,2026-EMDRp-32,EMDRp,2026,no,no,no,no,no,no
861,no,pol,2026-EMDRp-33,EMDRp,2026,no,no,no,no,no,no
862,no,pol,2026-EMDRp-34,EMDRp,2026,no,no,no,no,no,no
863,no,pol,2026-EMDRp-35,EMDRp,2026,no,no,no,no,no,no
864,no,pol,2026-EMDRp-36,EMDRp,2026,no,no,no,no,no,no
865,no,pol,2026-EMDRp-37,EMDRp,2026,no,no,no,no,no,no
866,no,pol,2026-EMDRp-38,EMDRp,2026,no,no,no,no,no,no
867,no,pol,2026-EMDRp-39,EMDRp,2026,no,no,no,no,no,no
868,no,pol,2026-EMDRp-40,EMDRp,2026,no,no,no,no,no,no
869,no,pol,2026-EMDRp-41,EMDRp,2026,no,no,no,no,no,no
870,no,pol,2026-EMDRp-42,EMDRp,2026,no,no,no,no,no,no
871,no,pol,2026-EMDRp-43,EMDRp,2026,no,no,no,no,no,no
872,no,pol,2026-EMDRp-44,EMDRp,2026,no,no,no,no,no,no
873,no,pol,2026-EMDRp-45,EMDRp,2026,no,no,no,no,no,no
874,no,pol,2026-EMDRp-46,EMDRp,2026,no,no,no,no,no,no
875,no,pol,2026-EMDRp-47,EMDRp,2026,no,no,no,no,no,no
876,no,pol,2026-EMDRp-48,EMDRp,2026,no,no,no,no,no,no
877,no,pol,2026-EMDRp-49,EMDRp,2026,no,no,no,no,no,no
878,no,pol,2026-EMDRp-50,EMDRp,2026,no,no,no,no,no,no
879,no,pol,2026-EMDRp-51,EMDRp,2026,no,no,no,no,no,no
880,no,pol,2026-EMDRp-52,EMDRp,2026,no,no,no,no,no,no
881,no,pol,2026-EMDRp-53,EMDRp,2026,no,no,no,no,no,no
882,no,pol,2026-EMDRp-54,EMDRp,2026,no,no,no,no,no,no
883,no,pol,2026-EMDRp-55,EMDRp,2026,no,no,no,no,no,no
884,no,pol,2026-EMDRp-56,EMDRp,2026,no,no,no,no,no,no
885,no,pol,2026-EMDRp-57,EMDRp,2026,no,no,no,no,no,no
886,no,pol,2026-EMDRp-58,EMDRp,2026,no,no,no,no,no,no
887,no,pol,2026-EMDRp-59,EMDRp,2026,no,no,no,no,no,no
888,no,pol,2026-EMDRp-60,EMDRp,2026,no,no,no,no,no,no
889,no,pol,2026-EMDRp-61,EMDRp,2026,no,no,no,no,no,no
890,no,pol,2026-EMDRp-62,EMDRp,2026,no,no,no,no,no,no
891,no,pol,2026-EMDRp-63,EMDRp,2026,no,no,no,no,no,no
892,no,pol,2026-EMDRp-64,EMDRp,2026,no,no,no,no,no,no
893,no,pol,2026-EMDRp-65,EMDRp,2026,no,no,no,no,no,no
894,no,pol,2026-EMDRp-66,EMDRp,2026,no,no,no,no,no,no
895,no,pol,2026-EMDRp-67,EMDRp,2026,no,no,no,no,no,no
896,no,pol,2026-EMDRp-68,EMDRp,2026,no,no,no,no,no,no
897,no,pol,2026-EMDRp-69,EMDRp,2026,no,no,no,no,no,no
898,no,pol,2026-EMDRp-70,EMDRp,2026,no,no,no,no,no,no
899,no,pol,2026-EMDRp-71,EMDRp,2026,no,no,no,no,no,no
900,no,pol,2026-EMDRp-72,EMDRp,2026,no,no,no,no,no,no
901,no,pol,2026-EMDRp-74,EMDRp,2026,no,no,no,no,no,no
902,no,pol,2026-EMDRp-75,EMDRp,2026,no,no,no,no,no,no
903,no,pol,2026-EMDRp-76,EMDRp,2026,no,no,no,no,no,no
904,no,pol,2026-EMDRp-77,EMDRp,2026,no,no,no,no,no,no
905,no,pol,2026-EMDRp-78,EMDRp,2026,no,no,no,no,no,no
906,no,pol,2026-EMDRp-79,EMDRp,2026,no,no,no,no,no,no
907,no,pol,2026-EMDRp-80,EMDRp,2026,no,no,no,no,no,no
908,no,pol,2026-EMDRp-81,EMDRp,2026,no,no,no,no,no,no
909,no,pol,2026-EMDRp-82,EMDRp,2026,no,no,no,no,no,no
910,no,pol,2026-EMDRp-83,EMDRp,2026,no,no,no,no,no,no
911,no,pol,2026-EMDRp-84,EMDRp,2026,no,no,no,no,no,no
912,no,pol,2026-EMDRp-85,EMDRp,2026,no,no,no,no,no,no
913,no,pol,2026-EMDRp-86,EMDRp,2026,no,no,no,no,no,no
914,no,pol,2026-EMDRp-87,EMDRp,2026,no,no,no,no,no,no
915,no,pol,2026-EMDRp-88,EMDRp,2026,no,no,no,no,no,no
916,no,pol,2026-EMDRp-89,EMDRp,2026,no,no,no,no,no,no
917,no,pol,2046-PBCM-1,PBCM,2046,no,no,no,no,no,no
918,no,pol,2046-PBCM-5,PBCM,2046,no,no,no,no,no,no
919,no,pol,2046-PBCM-6,PBCM,2046,no,no,no,no,no,no
920,no,pol,2046-PBCM-7,PBCM,2046,no,no,no,no,no,no
921,no,pol,2046-PBCM-10,PBCM,2046,no,no,no,no,no,no
922,no,pol,2046-PBCM-11,PBCM,2046,no,no,no,no,no,no
923,no,pol,2046-PBCM-12,PBCM,2046,no,no,no,no,no,no
924,no,pol,2046-PBCM-15,PBCM,2046,no,no,no,no,no,no
925,no,pol,2046-PBCM-18,PBCM,2046,no,no,no,no,no,no
926,no,pol,2046-PBCM-19,PBCM,2046,no,no,no,no,no,no
927,no,pol,2046-PBCM-20,PBCM,2046,no,no,no,no,no,no
928,no,pol,2046-PBCM-23,PBCM,2046,no,no,no,no,no,no
929,no,pol,2046-PBCM-24,PBCM,2046,no,no,no,no,no,no
930,no,pol,2046-PBCM-26,PBCM,2046,no,no,no,no,no,no
931,no,pol,2046-PBCM-28,PBCM,2046,no,no,no,no,no,no
932,no,pol,2046-PBCM-30,PBCM,2046,no,no,no,no,no,no
933,no,pol,2046-PBEM-3,PBEM,2046,no,no,no,no,no,no
934,no,pol,2046-PBEM-4,PBEM,2046,no,no,no,no,no,no
935,no,pol,2046-PBEM-5,PBEM,2046,no,no,no,no,no,no
936,no,pol,2046-PBEM-6,PBEM,2046,no,no,no,no,no,no
937,no,pol,2046-PBEM-7,PBEM,2046,no,no,no,no,no,no
938,no,pol,2046-PBEM-9,PBEM,2046,no,no,no,no,no,no
939,no,pol,2046-PBEM-10,PBEM,2046,no,no,no,no,no,no
940,no,pol,2046-PBEM-11,PBEM,2046,no,no,no,no,no,no
941,no,pol,2046-PBEM-12,PBEM,2046,no,no,no,no,no,no
942,no,pol,2046-PBEM-13,PBEM,2046,no,no,no,no,no,no
943,no,pol,2046-PBEM-17,PBEM,2046,no,no,no,no,no,no
944,no,pol,2046-PBEM-18,PBEM,2046,no,no,no,no,no,no
945,no,pol,2046-PBEM-19,PBEM,2046,no,no,no,no,no,no
946,no,pol,2046-PBEM-20,PBEM,2046,no,no,no,no,no,no
947,no,pol,2046-PBEM-21,PBEM,2046,no,no,no,no,no,no
948,no,pol,2046-PBEM-22,PBEM,2046,no,no,no,no,no,no
949,no,pol,2046-PBEM-23,PBEM,2046,no,no,no,no,no,no
950,no,pol,2046-PBEM-24,PBEM,2046,no,no,no,no,no,no
951,no,pol,2046-PBEM-26,PBEM,2046,no,no,no,no,no,no
952,no,pol,2046-PBEM-27,PBEM,2046,no,no,no,no,no,no
953,no,pol,2046-PBEM-28,PBEM,2046,no,no,no,no,no,no
954,no,pol,2046-PBEM-29,PBEM,2046,no,no,no,no,no,no
955,no,pol,2046-PBEM-30,PBEM,2046,no,no,no,no,no,no
956,no,pol,2046-PBEM-31,PBEM,2046,no,no,no,no,no,no
957,no,pol,2046-17-N-1,N,2046,no,no,no,no,no,no
958,no,pol,2046-17-N-3,N,2046,no,no,no,no,no,no
959,no,pol,2046-17-N-6,N,2046,no,no,no,no,no,no
960,no,pol,2046-17-N-8,N,2046,no,no,no,no,no,no
961,no,pol,2046-17-N-9,N,2046,no,no,no,no,no,no
962,no,pol,2046-17-N-11,N,2046,no,no,no,no,no,no
963,no,pol,2046-17-N-12,N,2046,no,no,no,no,no,no
964,no,pol,2046-17-N-13,N,2046,no,no,no,no,no,no
965,no,pol,2046-17-N-14,N,2046,no,no,no,no,no,no
966,no,pol,2046-17-N-18,N,2046,no,no,no,no,no,no
967,no,pol,2046-17-N-19,N,2046,no,no,no,no,no,no
968,no,pol,2046-17-N-21,N,2046,no,no,no,no,no,no
969,no,pol,2046-17-N-23,N,2046,no,no,no,no,no,no
970,no,pol,2046-17-N-24,N,2046,no,no,no,no,no,no
971,no,pol,2046-17-N-26,N,2046,no,no,no,no,no,no
972,no,pol,2046-17-N-27,N,2046,no,no,no,no,no,no
973,no,pol,2046-17-N-36,N,2046,no,no,no,no,no,no
974,no,pol,2046-17-N-29,N,2046,no,no,no,no,no,no
975,no,pol,2046-17-N-30,N,2046,no,no,no,no,no,no
976,no,pol,2046-17-N-32,N,2046,no,no,no,no,no,no
977,no,pol,2046-17-N-33,N,2046,no,no,no,no,no,no
978,no,pol,2046-17-N-34,N,2046,no,no,no,no,no,no
979,no,pol,2046-17-N-35,N,2046,no,no,no,no,no,no
980,no,pol,2046-CMDRn-1,CMDRn,2046,no,no,no,no,no,no
981,no,pol,2046-CMDRn-3,CMDRn,2046,no,no,no,no,no,no
982,no,pol,2046-CMDRn-4,CMDRn,2046,no,no,no,no,no,no
983,no,pol,2046-CMDRn-6,CMDRn,2046,no,no,no,no,no,no
984,no,pol,2046-CMDRn-7,CMDRn,2046,no,no,no,no,no,no
985,no,pol,2046-CMDRn-9,CMDRn,2046,no,no,no,no,no,no
986,no,pol,2046-CMDRn-12,CMDRn,2046,no,no,no,no,no,no
987,no,pol,2046-CMDRn-13,CMDRn,2046,no,no,no,no,no,no
988,no,pol,2046-CMDRn-17,CMDRn,2046,no,no,no,no,no,no
989,no,pol,2046-CMDRn-19,CMDRn,2046,no,no,no,no,no,no
990,no,pol,2046-CMDRn-22,CMDRn,2046,no,no,no,no,no,no
991,no,pol,2046-CMDRn-25,CMDRn,2046,no,no,no,no,no,no
992,no,pol,2046-CMDRn-26,CMDRn,2046,no,no,no,no,no,no
993,no,pol,2046-CMDRn-27,CMDRn,2046,no,no,no,no,no,no
994,no,pol,2046-CMDRn-28,CMDRn,2046,no,no,no,no,no,no
995,no,pol,2046-CMDRp-1,CMDRp,2046,no,no,no,no,no,no
996,no,pol,2046-CMDRp-3,CMDRp,2046,no,no,no,no,no,no
997,no,pol,2046-CMDRp-5,CMDRp,2046,no,no,no,no,no,no
998,no,pol,2046-CMDRp-7,CMDRp,2046,no,no,no,no,no,no
999,no,pol,2046-CMDRp-8,CMDRp,2046,no,no,no,no,no,no
1000,no,pol,2046-CMDRp-9,CMDRp,2046,no,no,no,no,no,no
1001,no,pol,2046-CMDRp-10,CMDRp,2046,no,no,no,no,no,no
1002,no,pol,2046-CMDRp-11,CMDRp,2046,no,no,no,no,no,no
1003,no,pol,2046-TMDRn-2,TMDRn,2046,no,no,no,no,no,no
1004,no,pol,2046-TMDRn-3,TMDRn,2046,no,no,no,no,no,no
1005,no,pol,2046-TMDRn-6,TMDRn,2046,no,no,no,no,no,no
1006,no,pol,2046-TMDRn-12,TMDRn,2046,no,no,no,no,no,no
1007,no,pol,2046-TMDRn-14,TMDRn,2046,no,no,no,no,no,no
1008,no,pol,2046-TMDRn-16,TMDRn,2046,no,no,no,no,no,no
1009,no,pol,2046-TMDRn-17,TMDRn,2046,no,no,no,no,no,no
1010,no,pol,2046-TMDRn-18,TMDRn,2046,no,no,no,no,no,no
1011,no,pol,2046-TMDRn-19,TMDRn,2046,no,no,no,no,no,no
1012,no,pol,2046-TMDRn-21,TMDRn,2046,no,no,no,no,no,no
1013,no,pol,2046-TMDRn-24,TMDRn,2046,no,no,no,no,no,no
1014,no,pol,2046-TMDRn-25,TMDRn,2046,no,no,no,no,no,no
1015,no,pol,2046-TMDRn-26,TMDRn,2046,no,no,no,no,no,no
1016,no,pol,2046-TMDRn-27,TMDRn,2046,no,no,no,no,no,no
1017,no,pol,2046-TMDRn-29,TMDRn,2046,no,no,no,no,no,no
1018,no,pol,2046-EMDRn-1,EMDRn,2046,no,no,no,no,no,no
1019,no,pol,2046-EMDRn-2,EMDRn,2046,no,no,no,no,no,no
1020,no,pol,2046-EMDRn-3,EMDRn,2046,no,no,no,no,no,no
1021,no,pol,2046-EMDRn-4,EMDRn,2046,no,no,no,no,no,no
1022,no,pol,2046-EMDRn-6,EMDRn,2046,no,no,no,no,no,no
1023,no,pol,2046-EMDRn-7,EMDRn,2046,no,no,no,no,no,no
1024,no,pol,2046-EMDRn-11,EMDRn,2046,no,no,no,no,no,no
1025,no,pol,2046-EMDRn-12,EMDRn,2046,no,no,no,no,no,no
1026,no,pol,2046-EMDRn-13,EMDRn,2046,no,no,no,no,no,no
1027,no,pol,2046-EMDRn-14,EMDRn,2046,no,no,no,no,no,no
1028,no,pol,2046-EMDRn-17,EMDRn,2046,no,no,no,no,no,no
1029,no,pol,2046-EMDRn-18,EMDRn,2046,no,no,no,no,no,no
1030,no,pol,2046-EMDRn-20,EMDRn,2046,no,no,no,no,no,no
1031,no,pol,2046-EMDRn-21,EMDRn,2046,no,no,no,no,no,no
1032,no,pol,2046-EMDRn-24,EMDRn,2046,no,no,no,no,no,no
1033,no,pol,2046-EMDRn-23,EMDRn,2046,no,no,no,no,no,no
1034,no,pol,2046-EMDRn-26,EMDRn,2046,no,no,no,no,no,no
1035,no,pol,2046-EMDRn-27,EMDRn,2046,no,no,no,no,no,no
1036,no,pol,2046-EMDRn-29,EMDRn,2046,no,no,no,no,no,no
1037,no,pol,2046-EMDRn-30,EMDRn,2046,no,no,no,no,no,no
1038,no,pol,2046-EMDRn-32,EMDRn,2046,no,no,no,no,no,no
1039,no,pol,2046-EMDRn-33,EMDRn,2046,no,no,no,no,no,no
1040,no,pol,2046-EMDRn-35,EMDRn,2046,no,no,no,no,no,no
1041,no,pol,2046-EMDRn-38,EMDRn,2046,no,no,no,no,no,no
1042,no,pol,2046-EMDRn-41,EMDRn,2046,no,no,no,no,no,no
1043,no,pol,2046-EMDRn-42,EMDRn,2046,no,no,no,no,no,no
1044,no,pol,2046-EMDRn-43,EMDRn,2046,no,no,no,no,no,no
1045,no,pol,2046-EMDRn-45,EMDRn,2046,no,no,no,no,no,no
1046,no,pol,2046-EMDRp-38,EMDRp,2046,no,no,no,no,no,no
1047,no,pol,2046-TMDRp-1,TMDRp,2046,no,no,no,no,no,no
1048,no,pol,2046-TMDRp-2,TMDRp,2046,no,no,no,no,no,no
1049,no,pol,2046-TMDRp-4,TMDRp,2046,no,no,no,no,no,no
1050,no,pol,2046-TMDRp-5,TMDRp,2046,no,no,no,no,no,no
1051,no,pol,2046-TMDRp-6,TMDRp,2046,no,no,no,no,no,no
1052,no,pol,2046-TMDRp-8,TMDRp,2046,no,no,no,no,no,no
1053,no,pol,2046-TMDRp-12,TMDRp,2046,no,no,no,no,no,no
1054,no,pol,2046-TMDRp-15,TMDRp,2046,no,no,no,no,no,no
1055,no,pol,2046-TMDRp-17,TMDRp,2046,no,no,no,no,no,no
1056,no,pol,2046-TMDRp-18,TMDRp,2046,no,no,no,no,no,no
1057,no,pol,2046-TMDRp-19,TMDRp,2046,no,no,no,no,no,no
1058,no,pol,2046-TMDRp-20,TMDRp,2046,no,no,no,no,no,no
1059,no,pol,2046-TMDRp-21,TMDRp,2046,no,no,no,no,no,no
1060,no,pol,2046-TMDRp-23,TMDRp,2046,no,no,no,no,no,no
1061,no,pol,2046-TMDRp-24,TMDRp,2046,no,no,no,no,no,no
1062,no,pol,2046-TMDRp-25,TMDRp,2046,no,no,no,no,no,no
1063,no,pol,2046-TMDRp-28,TMDRp,2046,no,no,no,no,no,no
1064,no,pol,2046-TMDRp-31,TMDRp,2046,no,no,no,no,no,no
1065,no,pol,2046-TMDRp-32,TMDRp,2046,no,no,no,no,no,no
1066,no,pol,2046-TMDRp-34,TMDRp,2046,no,no,no,no,no,no
1067,no,pol,2046-TMDRp-36,TMDRp,2046,no,no,no,no,no,no
1068,no,pol,2046-TMDRp-37,TMDRp,2046,no,no,no,no,no,no
1069,no,pol,2046-EMDRp-1,EMDRp,2046,no,no,no,no,no,no
1070,no,pol,2046-EMDRp-2,EMDRp,2046,no,no,no,no,no,no
1071,no,pol,2046-EMDRp-3,EMDRp,2046,no,no,no,no,no,no
1072,no,pol,2046-EMDRp-5,EMDRp,2046,no,no,no,no,no,no
1073,no,pol,2046-EMDRp-7,EMDRp,2046,no,no,no,no,no,no
1074,no,pol,2046-EMDRp-10,EMDRp,2046,no,no,no,no,no,no
1075,no,pol,2046-EMDRp-11,EMDRp,2046,no,no,no,no,no,no
1076,no,pol,2046-EMDRp-13,EMDRp,2046,no,no,no,no,no,no
1077,no,pol,2046-EMDRp-15,EMDRp,2046,no,no,no,no,no,no
1078,no,pol,2046-EMDRp-16,EMDRp,2046,no,no,no,no,no,no
1079,no,pol,2046-EMDRp-17,EMDRp,2046,no,no,no,no,no,no
1080,no,pol,2046-EMDRp-18,EMDRp,2046,no,no,no,no,no,no
1081,no,pol,2046-EMDRp-19,EMDRp,2046,no,no,no,no,no,no
1082,no,pol,2046-EMDRp-21,EMDRp,2046,no,no,no,no,no,no
1083,no,pol,2046-EMDRp-25,EMDRp,2046,no,no,no,no,no,no
1084,no,pol,2046-EMDRp-31,EMDRp,2046,no,no,no,no,no,no
1085,no,pol,2046-EMDRp-33,EMDRp,2046,no,no,no,no,no,no
1086,no,pol,2046-EMDRp-34,EMDRp,2046,no,no,no,no,no,no
1087,no,pol,2046-EMDRp-39,EMDRp,2046,no,no,no,no,no,no
1088,no,pol,2046-EMDRp-42,EMDRp,2046,no,no,no,no,no,no
1089,no,pol,2115-PBCM-1,PBCM,2115,no,no,no,no,no,no
1090,no,pol,2115-PBCM-2,PBCM,2115,no,no,no,no,no,no
1091,no,pol,2115-PBCM-5,PBCM,2115,no,no,no,no,no,no
1092,no,pol,2115-PBCM-9,PBCM,2115,no,no,no,no,no,no
1093,no,pol,2115-PBCM-11,PBCM,2115,no,no,no,no,no,no
1094,no,pol,2115-PBCM-13,PBCM,2115,no,no,no,no,no,no
1095,no,pol,2115-PBCM-14,PBCM,2115,no,no,no,no,no,no
1096,no,pol,2115-PBCM-15,PBCM,2115,no,no,no,no,no,no
1097,no,pol,2115-PBCM-16,PBCM,2115,no,no,no,no,no,no
1098,no,pol,2115-PBCM-17,PBCM,2115,no,no,no,no,no,no
1099,no,pol,2115-PBCM-18,PBCM,2115,no,no,no,no,no,no
1100,no,pol,2115-PBCM-19,PBCM,2115,no,no,no,no,no,no
1101,no,pol,2115-PBCM-21,PBCM,2115,no,no,no,no,no,no
1102,no,pol,2115-PBCM-22,PBCM,2115,no,no,no,no,no,no
1103,no,pol,2115-PBCM-23,PBCM,2115,no,no,no,no,no,no
1104,no,pol,2115-PBCM-24,PBCM,2115,no,no,no,no,no,no
1105,no,pol,2115-PBCM-25,PBCM,2115,no,no,no,no,no,no
1106,no,pol,2115-PBCM-26,PBCM,2115,no,no,no,no,no,no
1107,no,pol,2115-PBCM-29,PBCM,2115,no,no,no,no,no,no
1108,no,pol,2115-PBCM-30,PBCM,2115,no,no,no,no,no,no
1109,no,pol,2115-PBCM-31,PBCM,2115,no,no,no,no,no,no
1110,no,pol,2115-PBCM-32,PBCM,2115,no,no,no,no,no,no
1111,no,pol,2115-PBCM-33,PBCM,2115,no,no,no,no,no,no
1112,no,pol,2115-PBCM-34,PBCM,2115,no,no,no,no,no,no
1113,no,pol,2115-PBCM-35,PBCM,2115,no,no,no,no,no,no
1114,no,pol,2115-PBCM-36,PBCM,2115,no,no,no,no,no,no
1115,no,pol,2115-PBEM-2,PBEM,2115,no,no,no,no,no,no
1116,no,pol,2115-PBEM-4,PBEM,2115,no,no,no,no,no,no
1117,no,pol,2115-PBEM-5,PBEM,2115,no,no,no,no,no,no
1118,no,pol,2115-PBEM-8,PBEM,2115,no,no,no,no,no,no
1119,no,pol,2115-PBEM-9,PBEM,2115,no,no,no,no,no,no
1120,no,pol,2115-PBEM-10,PBEM,2115,no,no,no,no,no,no
1121,no,pol,2115-PBEM-12,PBEM,2115,no,no,no,no,no,no
1122,no,pol,2115-PBEM-13,PBEM,2115,no,no,no,no,no,no
1123,no,pol,2115-PBEM-14,PBEM,2115,no,no,no,no,no,no
1124,no,pol,2115-PBEM-16,PBEM,2115,no,no,no,no,no,no
1125,no,pol,2115-PBEM-17,PBEM,2115,no,no,no,no,no,no
1126,no,pol,2115-PBEM-18,PBEM,2115,no,no,no,no,no,no
1127,no,pol,2115-PBEM-19,PBEM,2115,no,no,no,no,no,no
1128,no,pol,2115-PBEM-20,PBEM,2115,no,no,no,no,no,no
1129,no,pol,2115-PBEM-21,PBEM,2115,no,no,no,no,no,no
1130,no,pol,2115-PBEM-24,PBEM,2115,no,no,no,no,no,no
1131,no,pol,2115-PBEM-25,PBEM,2115,no,no,no,no,no,no
1132,no,pol,2115-PBEM-27,PBEM,2115,no,no,no,no,no,no
1133,no,pol,2115-PBEM-28,PBEM,2115,no,no,no,no,no,no
1134,no,pol,2115-PBEM-29,PBEM,2115,no,no,no,no,no,no
1135,no,pol,2115-PBEM-30,PBEM,2115,no,no,no,no,no,no
1136,no,pol,2115-PBTM-1,PBTM,2115,no,no,no,no,no,no
1137,no,pol,2115-PBTM-4,PBTM,2115,no,no,no,no,no,no
1138,no,pol,2115-PBTM-5,PBTM,2115,no,no,no,no,no,no
1139,no,pol,2115-PBTM-6,PBTM,2115,no,no,no,no,no,no
1140,no,pol,2115-PBTM-7,PBTM,2115,no,no,no,no,no,no
1141,no,pol,2115-PBTM-8,PBTM,2115,no,no,no,no,no,no
1142,no,pol,2115-PBTM-9,PBTM,2115,no,no,no,no,no,no
1143,no,pol,2115-PBTM-10,PBTM,2115,no,no,no,no,no,no
1144,no,pol,2115-PBTM-11,PBTM,2115,no,no,no,no,no,no
1145,no,pol,2115-PBTM-12,PBTM,2115,no,no,no,no,no,no
1146,no,pol,2115-PBTM-13,PBTM,2115,no,no,no,no,no,no
1147,no,pol,2115-PBTM-14,PBTM,2115,no,no,no,no,no,no
1148,no,pol,2115-PBTM-18,PBTM,2115,no,no,no,no,no,no
1149,no,pol,2115-PBTM-19,PBTM,2115,no,no,no,no,no,no
1150,no,pol,2115-PBTM-20,PBTM,2115,no,no,no,no,no,no
1151,no,pol,2115-PBTM-21,PBTM,2115,no,no,no,no,no,no
1152,no,pol,2115-PBTM-22,PBTM,2115,no,no,no,no,no,no
1153,no,pol,2115-PBTM-24,PBTM,2115,no,no,no,no,no,no
1154,no,pol,2115-PBTM-26,PBTM,2115,no,no,no,no,no,no
1155,no,pol,2115-PBTM-27,PBTM,2115,no,no,no,no,no,no
1156,no,pol,2115-PBTM-29,PBTM,2115,no,no,no,no,no,no
1157,no,pol,2115-PBTM-31,PBTM,2115,no,no,no,no,no,no
1158,no,pol,2115-PBTM-32,PBTM,2115,no,no,no,no,no,no
1159,no,pol,2115-PBTM-33,PBTM,2115,no,no,no,no,no,no
1160,no,pol,2115-PBTM-34,PBTM,2115,no,no,no,no,no,no
1161,no,pol,2115-PBTM-35,PBTM,2115,no,no,no,no,no,no
1162,no,pol,2115-PBTM-36,PBTM,2115,no,no,no,no,no,no
1163,no,pol,2208-CM-01,CM,2208,no,no,no,no,no,no
1164,no,pol,2208-CM-02,CM,2208,no,no,no,no,no,no
1165,no,pol,2208-CM-03,CM,2208,no,no,no,no,no,no
1166,no,pol,2208-CM-04,CM,2208,no,no,no,no,no,no
1167,no,pol,2208-CM-05,CM,2208,no,no,no,no,no,no
1168,no,pol,2208-CM-07,CM,2208,no,no,no,no,no,no
1169,no,pol,2208-CM-08,CM,2208,no,no,no,no,no,no
1170,no,pol,2208-CM-09,CM,2208,no,no,no,no,no,no
1171,no,pol,2208-CM-10,CM,2208,no,no,no,no,no,no
1172,no,pol,2208-CM-11,CM,2208,no,no,no,no,no,no
1173,no,pol,2208-CM-12,CM,2208,no,no,no,no,no,no
1174,no,pol,2208-CM-13,CM,2208,no,no,no,no,no,no
1175,no,pol,2208-CM-15,CM,2208,no,no,no,no,no,no
1176,no,pol,2208-CM-16,CM,2208,no,no,no,no,no,no
1177,no,pol,2208-CM-17,CM,2208,no,no,no,no,no,no
1178,no,pol,2208-CM-19,CM,2208,no,no,no,no,no,no
1179,no,pol,2208-CM-20,CM,2208,no,no,no,no,no,no
1180,no,pol,2208-CM-22,CM,2208,no,no,no,no,no,no
1181,no,pol,2208-CM-23,CM,2208,no,no,no,no,no,no
1182,no,pol,2208-CM-24,CM,2208,no,no,no,no,no,no
1183,no,pol,2208-CM-25,CM,2208,no,no,no,no,no,no
1184,no,pol,2208-CM-26,CM,2208,no,no,no,no,no,no
1185,no,pol,2208-CM-28,CM,2208,no,no,no,no,no,no
1186,no,pol,2208-CM-29,CM,2208,no,no,no,no,no,no
1187,no,pol,2208-CM-31,CM,2208,no,no,no,no,no,no
1188,no,pol,2208-CM-32,CM,2208,no,no,no,no,no,no
1189,no,pol,2208-CM-34,CM,2208,no,no,no,no,no,no
1190,no,pol,2208-CM-35,CM,2208,no,no,no,no,no,no
1191,no,pol,2208-CM-36,CM,2208,no,no,no,no,no,no
1192,no,pol,2208-CM-37,CM,2208,no,no,no,no,no,no
1193,no,pol,2208-CM-38,CM,2208,no,no,no,no,no,no
1194,no,pol,2208-CM-40,CM,2208,no,no,no,no,no,no
1195,no,pol,2208-CM-41,CM,2208,no,no,no,no,no,no
1196,no,pol,2208-CM-42,CM,2208,no,no,no,no,no,no
1197,no,pol,2208-CM-43,CM,2208,no,no,no,no,no,no
1198,no,pol,2208-CM-44,CM,2208,no,no,no,no,no,no
1199,no,pol,2208-EM-01,EM,2208,no,no,no,no,no,no
1200,no,pol,2208-EM-02,EM,2208,no,no,no,no,no,no
1201,no,pol,2208-EM-03,EM,2208,no,no,no,no,no,no
1202,no,pol,2208-EM-04,EM,2208,no,no,no,no,no,no
1203,no,pol,2208-EM-10,EM,2208,no,no,no,no,no,no
1204,no,pol,2208-EM-11,EM,2208,no,no,no,no,no,no
1205,no,pol,2208-EM-13,EM,2208,no,no,no,no,no,no
1206,no,pol,2208-EM-14,EM,2208,no,no,no,no,no,no
1207,no,pol,2208-EM-15,EM,2208,no,no,no,no,no,no
1208,no,pol,2208-EM-16,EM,2208,no,no,no,no,no,no
1209,no,pol,2208-EM-17,EM,2208,no,no,no,no,no,no
1210,no,pol,2208-EM-18,EM,2208,no,no,no,no,no,no
1211,no,pol,2208-EM-21,EM,2208,no,no,no,no,no,no
1212,no,pol,2208-EM-22,EM,2208,no,no,no,no,no,no
1213,no,pol,2208-EM-23,EM,2208,no,no,no,no,no,no
1214,no,pol,2208-EM-24,EM,2208,no,no,no,no,no,no
1215,no,pol,2208-EM-26,EM,2208,no,no,no,no,no,no
1216,no,pol,2208-EM-27,EM,2208,no,no,no,no,no,no
1217,no,pol,2208-EM-28,EM,2208,no,no,no,no,no,no
1218,no,pol,2208-EM-29,EM,2208,no,no,no,no,no,no
1219,no,pol,2208-EM-32,EM,2208,no,no,no,no,no,no
1220,no,pol,2208-EM-33,EM,2208,no,no,no,no,no,no
1221,no,pol,2208-EM-34,EM,2208,no,no,no,no,no,no
1222,no,pol,2208-EM-35,EM,2208,no,no,no,no,no,no
1223,no,pol,2208-EM-36,EM,2208,no,no,no,no,no,no
1224,no,pol,2208-EM-38,EM,2208,no,no,no,no,no,no
1225,no,pol,2208-EM-39,EM,2208,no,no,no,no,no,no
1226,no,pol,2208-EM-40,EM,2208,no,no,no,no,no,no
1227,no,pol,2208-EM-41,EM,2208,no,no,no,no,no,no
1228,no,pol,2208-EM-42,EM,2208,no,no,no,no,no,no
1229,no,pol,2208-EM-44,EM,2208,no,no,no,no,no,no
1230,no,pol,2208-EM-45,EM,2208,no,no,no,no,no,no
1231,no,pol,2208-EM-47,EM,2208,no,no,no,no,no,no
1232,no,pol,2208-NV-02,NV,2208,no,no,no,no,no,no
1233,no,pol,2208-NV-04,NV,2208,no,no,no,no,no,no
1234,no,pol,2208-NV-05,NV,2208,no,no,no,no,no,no
1235,no,pol,2208-NV-06,NV,2208,no,no,no,no,no,no
1236,no,pol,2208-NV-07,NV,2208,no,no,no,no,no,no
1237,no,pol,2208-NV-10,NV,2208,no,no,no,no,no,no
1238,no,pol,2208-NV-11,NV,2208,no,no,no,no,no,no
1239,no,pol,2208-NV-12,NV,2208,no,no,no,no,no,no
1240,no,pol,2208-NV-13,NV,2208,no,no,no,no,no,no
1241,no,pol,2208-NV-15,NV,2208,no,no,no,no,no,no
1242,no,pol,2208-NV-16,NV,2208,no,no,no,no,no,no
1243,no,pol,2208-NV-18,NV,2208,no,no,no,no,no,no
1244,no,pol,2208-NV-20,NV,2208,no,no,no,no,no,no
1245,no,pol,2208-NV-21,NV,2208,no,no,no,no,no,no
1246,no,pol,2208-NV-24,NV,2208,no,no,no,no,no,no
1247,no,pol,2208-NV-25,NV,2208,no,no,no,no,no,no
1248,no,pol,2208-NV-26,NV,2208,no,no,no,no,no,no
1249,no,pol,2208-NV-27,NV,2208,no,no,no,no,no,no
1250,no,pol,2208-NV-29,NV,2208,no,no,no,no,no,no
1251,no,pol,2208-NV-32,NV,2208,no,no,no,no,no,no
1252,no,pol,2208-NV-33,NV,2208,no,no,no,no,no,no
1253,no,pol,2208-NV-34,NV,2208,no,no,no,no,no,no
1254,no,pol,2208-NV-35,NV,2208,no,no,no,no,no,no
1255,no,pol,2208-NV-36,NV,2208,no,no,no,no,no,no
1256,no,pol,2208-NV-37,NV,2208,no,no,no,no,no,no
1257,no,pol,2208-NV-38,NV,2208,no,no,no,no,no,no
1258,no,pol,2208-NV-40,NV,2208,no,no,no,no,no,no
1259,no,pol,2208-NV-41,NV,2208,no,no,no,no,no,no
1260,no,pol,2208-NV-42,NV,2208,no,no,no,no,no,no
1261,no,pol,2208-NV-43,NV,2208,no,no,no,no,no,no
1262,no,pol,2208-NV-44,NV,2208,no,no,no,no,no,no
1263,no,pol,2208-NV-45,NV,2208,no,no,no,no,no,no
1264,no,pol,2208-NV-46,NV,2208,no,no,no,no,no,no
1265,no,pol,2208-NV-47,NV,2208,no,no,no,no,no,no
1266,no,pol,2208-TM-01,TM,2208,no,no,no,no,no,no
1267,no,pol,2208-TM-03,TM,2208,no,no,no,no,no,no
1268,no,pol,2208-TM-04,TM,2208,no,no,no,no,no,no
1269,no,pol,2208-TM-05,TM,2208,no,no,no,no,no,no
1270,no,pol,2208-TM-07,TM,2208,no,no,no,no,no,no
1271,no,pol,2208-TM-08,TM,2208,no,no,no,no,no,no
1272,no,pol,2208-TM-09,TM,2208,no,no,no,no,no,no
1273,no,pol,2208-TM-10,TM,2208,no,no,no,no,no,no
1274,no,pol,2208-TM-11,TM,2208,no,no,no,no,no,no
1275,no,pol,2208-TM-12,TM,2208,no,no,no,no,no,no
1276,no,pol,2208-TM-13,TM,2208,no,no,no,no,no,no
1277,no,pol,2208-TM-14,TM,2208,no,no,no,no,no,no
1278,no,pol,2208-TM-15,TM,2208,no,no,no,no,no,no
1279,no,pol,2208-TM-17,TM,2208,no,no,no,no,no,no
1280,no,pol,2208-TM-18,TM,2208,no,no,no,no,no,no
1281,no,pol,2208-TM-20,TM,2208,no,no,no,no,no,no
1282,no,pol,2208-TM-21,TM,2208,no,no,no,no,no,no
1283,no,pol,2208-TM-22,TM,2208,no,no,no,no,no,no
1284,no,pol,2208-TM-23,TM,2208,no,no,no,no,no,no
1285,no,pol,2208-TM-24,TM,2208,no,no,no,no,no,no
1286,no,pol,2208-TM-25,TM,2208,no,no,no,no,no,no
1287,no,pol,2208-TM-26,TM,2208,no,no,no,no,no,no
1288,no,pol,2208-TM-28,TM,2208,no,no,no,no,no,no
1289,no,pol,2208-TM-30,TM,2208,no,no,no,no,no,no
1290,no,pol,2208-TM-31,TM,2208,no,no,no,no,no,no
1291,no,pol,2208-TM-33,TM,2208,no,no,no,no,no,no
1292,no,pol,2208-TM-34,TM,2208,no,no,no,no,no,no
1293,no,pol,2208-TM-35,TM,2208,no,no,no,no,no,no
1294,no,pol,2208-TM-36,TM,2208,no,no,no,no,no,no
1295,no,pol,2208-TM-38,TM,2208,no,no,no,no,no,no
1296,no,pol,2208-TM-39,TM,2208,no,no,no,no,no,no
1297,no,pol,2241-PBCM-1,PBCM,2241,no,no,no,no,no,no
1298,no,pol,2241-PBCM-10,PBCM,2241,no,no,no,no,no,no
1299,no,pol,2241-PBCM-11,PBCM,2241,no,no,no,no,no,no
1300,no,pol,2241-PBCM-12,PBCM,2241,no,no,no,no,no,no
1301,no,pol,2241-PBCM-13,PBCM,2241,no,no,no,no,no,no
1302,no,pol,2241-PBCM-15,PBCM,2241,no,no,no,no,no,no
1303,no,pol,2241-PBCM-16,PBCM,2241,no,no,no,no,no,no
1304,no,pol,2241-PBCM-17,PBCM,2241,no,no,no,no,no,no
1305,no,pol,2241-PBCM-18,PBCM,2241,no,no,no,no,no,no
1306,no,pol,2241-PBCM-2,PBCM,2241,no,no,no,no,no,no
1307,no,pol,2241-PBCM-22,PBCM,2241,no,no,no,no,no,no
1308,no,pol,2241-PBCM-24,PBCM,2241,no,no,no,no,no,no
1309,no,pol,2241-PBCM-25,PBCM,2241,no,no,no,no,no,no
1310,no,pol,2241-PBCM-29,PBCM,2241,no,no,no,no,no,no
1311,no,pol,2241-PBCM-3,PBCM,2241,no,no,no,no,no,no
1312,no,pol,2241-PBCM-4,PBCM,2241,no,no,no,no,no,no
1313,no,pol,2241-PBCM-6,PBCM,2241,no,no,no,no,no,no
1314,no,pol,2241-PBCM-7,PBCM,2241,no,no,no,no,no,no
1315,no,pol,2241-PBCM-8,PBCM,2241,no,no,no,no,no,no
1316,no,pol,2241-PBCM-9,PBCM,2241,no,no,no,no,no,no
1317,no,pol,2241-PBEM-10,PBEM,2241,no,no,no,no,no,no
1318,no,pol,2241-PBEM-11,PBEM,2241,no,no,no,no,no,no
1319,no,pol,2241-PBEM-12,PBEM,2241,no,no,no,no,no,no
1320,no,pol,2241-PBEM-13,PBEM,2241,no,no,no,no,no,no
1321,no,pol,2241-PBEM-14,PBEM,2241,no,no,no,no,no,no
1322,no,pol,2241-PBEM-15,PBEM,2241,no,no,no,no,no,no
1323,no,pol,2241-PBEM-16,PBEM,2241,no,no,no,no,no,no
1324,no,pol,2241-PBEM-17,PBEM,2241,no,no,no,no,no,no
1325,no,pol,2241-PBEM-18,PBEM,2241,no,no,no,no,no,no
1326,no,pol,2241-PBEM-2,PBEM,2241,no,no,no,no,no,no
1327,no,pol,2241-PBEM-20,PBEM,2241,no,no,no,no,no,no
1328,no,pol,2241-PBEM-21,PBEM,2241,no,no,no,no,no,no
1329,no,pol,2241-PBEM-22,PBEM,2241,no,no,no,no,no,no
1330,no,pol,2241-PBEM-24,PBEM,2241,no,no,no,no,no,no
1331,no,pol,2241-PBEM-25,PBEM,2241,no,no,no,no,no,no
1332,no,pol,2241-PBEM-27,PBEM,2241,no,no,no,no,no,no
1333,no,pol,2241-PBEM-28,PBEM,2241,no,no,no,no,no,no
1334,no,pol,2241-PBEM-3,PBEM,2241,no,no,no,no,no,no
1335,no,pol,2241-PBEM-6,PBEM,2241,no,no,no,no,no,no
1336,no,pol,2241-PBEM-7,PBEM,2241,no,no,no,no,no,no
1337,no,pol,2241-PBEM-8,PBEM,2241,no,no,no,no,no,no
1338,no,pol,2241-PBEM-9,PBEM,2241,no,no,no,no,no,no
1339,no,pol,2241-PBNV-10,PBNV,2241,no,no,no,no,no,no
1340,no,pol,2241-PBNV-11,PBNV,2241,no,no,no,no,no,no
1341,no,pol,2241-PBNV-12,PBNV,2241,no,no,no,no,no,no
1342,no,pol,2241-PBNV-14,PBNV,2241,no,no,no,no,no,no
1343,no,pol,2241-PBNV-15,PBNV,2241,no,no,no,no,no,no
1344,no,pol,2241-PBNV-16,PBNV,2241,no,no,no,no,no,no
1345,no,pol,2241-PBNV-17,PBNV,2241,no,no,no,no,no,no
1346,no,pol,2241-PBNV-18,PBNV,2241,no,no,no,no,no,no
1347,no,pol,2241-PBNV-19,PBNV,2241,no,no,no,no,no,no
1348,no,pol,2241-PBNV-2,PBNV,2241,no,no,no,no,no,no
1349,no,pol,2241-PBNV-20,PBNV,2241,no,no,no,no,no,no
1350,no,pol,2241-PBNV-21,PBNV,2241,no,no,no,no,no,no
1351,no,pol,2241-PBNV-22,PBNV,2241,no,no,no,no,no,no
1352,no,pol,2241-PBNV-23,PBNV,2241,no,no,no,no,no,no
1353,no,pol,2241-PBNV-3,PBNV,2241,no,no,no,no,no,no
1354,no,pol,2241-PBNV-4,PBNV,2241,no,no,no,no,no,no
1355,no,pol,2241-PBNV-5,PBNV,2241,no,no,no,no,no,no
1356,no,pol,2241-PBNV-7,PBNV,2241,no,no,no,no,no,no
1357,no,pol,2241-PBNV-9,PBNV,2241,no,no,no,no,no,no
1358,no,pol,2241-PBTM-10,PBTM,2241,no,no,no,no,no,no
1359,no,pol,2241-PBTM-11,PBTM,2241,no,no,no,no,no,no
1360,no,pol,2241-PBTM-12,PBTM,2241,no,no,no,no,no,no
1361,no,pol,2241-PBTM-13,PBTM,2241,no,no,no,no,no,no
1362,no,pol,2241-PBTM-14,PBTM,2241,no,no,no,no,no,no
1363,no,pol,2241-PBTM-16,PBTM,2241,no,no,no,no,no,no
1364,no,pol,2241-PBTM-17,PBTM,2241,no,no,no,no,no,no
1365,no,pol,2241-PBTM-2,PBTM,2241,no,no,no,no,no,no
1366,no,pol,2241-PBTM-20,PBTM,2241,no,no,no,no,no,no
1367,no,pol,2241-PBTM-21,PBTM,2241,no,no,no,no,no,no
1368,no,pol,2241-PBTM-22,PBTM,2241,no,no,no,no,no,no
1369,no,pol,2241-PBTM-23,PBTM,2241,no,no,no,no,no,no
1370,no,pol,2241-PBTM-25,PBTM,2241,no,no,no,no,no,no
1371,no,pol,2241-PBTM-26,PBTM,2241,no,no,no,no,no,no
1372,no,pol,2241-PBTM-27,PBTM,2241,no,no,no,no,no,no
1373,no,pol,2241-PBTM-29,PBTM,2241,no,no,no,no,no,no
1374,no,pol,2241-PBTM-30,PBTM,2241,no,no,no,no,no,no
1375,no,pol,2241-PBTM-31,PBTM,2241,no,no,no,no,no,no
1376,no,pol,2241-PBTM-4,PBTM,2241,no,no,no,no,no,no
1377,no,pol,2241-PBTM-5,PBTM,2241,no,no,no,no,no,no
1378,no,pol,2241-PBTM-6,PBTM,2241,no,no,no,no,no,no
1379,no,pol,2241-PBTM-7,PBTM,2241,no,no,no,no,no,no
1380,no,pol,2241-PBTM-8,PBTM,2241,no,no,no,no,no,no
1381,no,pol,2274-CM-01,CM,2274,no,no,no,no,no,no
1382,no,pol,2274-CM-03,CM,2274,no,no,no,no,no,no
1383,no,pol,2274-CM-04,CM,2274,no,no,no,no,no,no
1384,no,pol,2274-CM-06,CM,2274,no,no,no,no,no,no
1385,no,pol,2274-CM-09,CM,2274,no,no,no,no,no,no
1386,no,pol,2274-CM-12,CM,2274,no,no,no,no,no,no
1387,no,pol,2274-CM-13,CM,2274,no,no,no,no,no,no
1388,no,pol,2274-CM-14,CM,2274,no,no,no,no,no,no
1389,no,pol,2274-CM-19,CM,2274,no,no,no,no,no,no
1390,no,pol,2274-CM-20,CM,2274,no,no,no,no,no,no
1391,no,pol,2274-CM-21,CM,2274,no,no,no,no,no,no
1392,no,pol,2274-CM-22,CM,2274,no,no,no,no,no,no
1393,no,pol,2274-CM-23,CM,2274,no,no,no,no,no,no
1394,no,pol,2274-CM-24,CM,2274,no,no,no,no,no,no
1395,no,pol,2274-CM-25,CM,2274,no,no,no,no,no,no
1396,no,pol,2274-CM-26,CM,2274,no,no,no,no,no,no
1397,no,pol,2274-CM-29,CM,2274,no,no,no,no,no,no
1398,no,pol,2274-CM-30,CM,2274,no,no,no,no,no,no
1399,no,pol,2274-CM-34,CM,2274,no,no,no,no,no,no
1400,no,pol,2274-CM-35,CM,2274,no,no,no,no,no,no
1401,no,pol,2274-EM-01,EM,2274,no,no,no,no,no,no
1402,no,pol,2274-EM-05,EM,2274,no,no,no,no,no,no
1403,no,pol,2274-EM-11,EM,2274,no,no,no,no,no,no
1404,no,pol,2274-EM-12,EM,2274,no,no,no,no,no,no
1405,no,pol,2274-EM-13,EM,2274,no,no,no,no,no,no
1406,no,pol,2274-EM-14,EM,2274,no,no,no,no,no,no
1407,no,pol,2274-EM-18,EM,2274,no,no,no,no,no,no
1408,no,pol,2274-EM-19,EM,2274,no,no,no,no,no,no
1409,no,pol,2274-EM-20,EM,2274,no,no,no,no,no,no
1410,no,pol,2274-EM-24,EM,2274,no,no,no,no,no,no
1411,no,pol,2274-EM-25,EM,2274,no,no,no,no,no,no
1412,no,pol,2274-EM-27,EM,2274,no,no,no,no,no,no
1413,no,pol,2274-EM-30,EM,2274,no,no,no,no,no,no
1414,no,pol,2274-EM-31,EM,2274,no,no,no,no,no,no
1415,no,pol,2274-EM-34,EM,2274,no,no,no,no,no,no
1416,no,pol,2274-EM-35,EM,2274,no,no,no,no,no,no
1417,no,pol,2274-EM-36,EM,2274,no,no,no,no,no,no
1418,no,pol,2274-EM-38,EM,2274,no,no,no,no,no,no
1419,no,pol,2274-EM-39,EM,2274,no,no,no,no,no,no
1420,no,pol,2274-EM-40,EM,2274,no,no,no,no,no,no
1421,no,pol,2274-EM-46,EM,2274,no,no,no,no,no,no
1422,no,pol,2274-EM-48,EM,2274,no,no,no,no,no,no
1423,no,pol,2274-TM-01,TM,2274,no,no,no,no,no,no
1424,no,pol,2274-TM-02,TM,2274,no,no,no,no,no,no
1425,no,pol,2274-TM-03,TM,2274,no,no,no,no,no,no
1426,no,pol,2274-TM-04,TM,2274,no,no,no,no,no,no
1427,no,pol,2274-TM-05,TM,2274,no,no,no,no,no,no
1428,no,pol,2274-TM-10,TM,2274,no,no,no,no,no,no
1429,no,pol,2274-TM-11,TM,2274,no,no,no,no,no,no
1430,no,pol,2274-TM-12,TM,2274,no,no,no,no,no,no
1431,no,pol,2274-TM-14,TM,2274,no,no,no,no,no,no
1432,no,pol,2274-TM-15,TM,2274,no,no,no,no,no,no
1433,no,pol,2274-TM-16,TM,2274,no,no,no,no,no,no
1434,no,pol,2274-TM-17,TM,2274,no,no,no,no,no,no
1435,no,pol,2274-TM-18,TM,2274,no,no,no,no,no,no
1436,no,pol,2274-TM-19,TM,2274,no,no,no,no,no,no
1437,no,pol,2274-TM-21,TM,2274,no,no,no,no,no,no
1438,no,pol,2274-TM-22,TM,2274,no,no,no,no,no,no
1439,no,pol,2274-TM-23,TM,2274,no,no,no,no,no,no
1440,no,pol,2274-TM-24,TM,2274,no,no,no,no,no,no
1441,no,pol,2274-TM-25,TM,2274,no,no,no,no,no,no
1442,no,pol,2274-TM-26,TM,2274,no,no,no,no,no,no
1443,no,pol,2274-TM-27,TM,2274,no,no,no,no,no,no
1444,no,pol,2274-TM-28,TM,2274,no,no,no,no,no,no
1445,no,pol,2274-TM-29,TM,2274,no,no,no,no,no,no
1446,no,pol,2274-TM-30,TM,2274,no,no,no,no,no,no
1447,no,pol,2274-TM-31,TM,2274,no,no,no,no,no,no
1448,no,pol,2274-TM-32,TM,2274,no,no,no,no,no,no
1449,no,pol,2274-TM-33,TM,2274,no,no,no,no,no,no
1450,no,pol,2274-TM-34,TM,2274,no,no,no,no,no,no
1451,no,pol,2274-TM-36,TM,2274,no,no,no,no,no,no
1452,no,pol,2274-TM-40,TM,2274,no,no,no,no,no,no
1453,no,pol,2274-TM-43,TM,2274,no,no,no,no,no,no
1454,no,pol,2274-TM-44,TM,2274,no,no,no,no,no,no
1455,no,pol,2274-TM-46,TM,2274,no,no,no,no,no,no
1456,no,pol,2274-TM-47,TM,2274,no,no,no,no,no,no
1457,no,pol,2274-TM-48,TM,2274,no,no,no,no,no,no
1458,no,pol,2274-TM-49,TM,2274,no,no,no,no,no,no
1459,no,pol,2274-TM-50,TM,2274,no,no,no,no,no,no
1460,no,pol,2274-TM-51,TM,2274,no,no,no,no,no,no
1461,no,pol,2275-CM-8,CM,2275,no,no,no,no,no,no
1462,no,pol,2275-EM-1,EM,2275,no,no,no,no,no,no
1463,no,pol,2275-EM-10,EM,2275,no,no,no,no,no,no
1464,no,pol,2275-EM-11,EM,2275,no,no,no,no,no,no
1465,no,pol,2275-EM-12,EM,2275,no,no,no,no,no,no
1466,no,pol,2275-EM-14,EM,2275,no,no,no,no,no,no
1467,no,pol,2275-EM-16,EM,2275,no,no,no,no,no,no
1468,no,pol,2275-EM-2,EM,2275,no,no,no,no,no,no
1469,no,pol,2275-EM-21,EM,2275,no,no,no,no,no,no
1470,no,pol,2275-EM-22,EM,2275,no,no,no,no,no,no
1471,no,pol,2275-EM-24,EM,2275,no,no,no,no,no,no
1472,no,pol,2275-EM-25,EM,2275,no,no,no,no,no,no
1473,no,pol,2275-EM-26,EM,2275,no,no,no,no,no,no
1474,no,pol,2275-EM-27,EM,2275,no,no,no,no,no,no
1475,no,pol,2275-EM-28,EM,2275,no,no,no,no,no,no
1476,no,pol,2275-EM-3,EM,2275,no,no,no,no,no,no
1477,no,pol,2275-EM-32,EM,2275,no,no,no,no,no,no
1478,no,pol,2275-EM-34,EM,2275,no,no,no,no,no,no
1479,no,pol,2275-EM-36,EM,2275,no,no,no,no,no,no
1480,no,pol,2275-EM-37,EM,2275,no,no,no,no,no,no
1481,no,pol,2275-EM-38,EM,2275,no,no,no,no,no,no
1482,no,pol,2275-EM-39,EM,2275,no,no,no,no,no,no
1483,no,pol,2275-EM-4,EM,2275,no,no,no,no,no,no
1484,no,pol,2275-EM-41,EM,2275,no,no,no,no,no,no
1485,no,pol,2275-EM-42,EM,2275,no,no,no,no,no,no
1486,no,pol,2275-EM-43,EM,2275,no,no,no,no,no,no
1487,no,pol,2275-EM-44,EM,2275,no,no,no,no,no,no
1488,no,pol,2275-EM-45,EM,2275,no,no,no,no,no,no
1489,no,pol,2275-EM-46,EM,2275,no,no,no,no,no,no
1490,no,pol,2275-EM-48,EM,2275,no,no,no,no,no,no
1491,no,pol,2275-EM-49,EM,2275,no,no,no,no,no,no
1492,no,pol,2275-EM-6,EM,2275,no,no,no,no,no,no
1493,no,pol,2275-EM-7,EM,2275,no,no,no,no,no,no
1494,no,pol,2275-EM-8,EM,2275,no,no,no,no,no,no
1495,no,pol,2275-EM-9,EM,2275,no,no,no,no,no,no
1496,no,pol,2275-TM-13,TM,2275,no,no,no,no,no,no
1497,no,pol,2275-TM-14,TM,2275,no,no,no,no,no,no
1498,no,pol,2275-TM-18,TM,2275,no,no,no,no,no,no
1499,no,pol,2275-TM-19,TM,2275,no,no,no,no,no,no
1500,no,pol,2275-TM-20,TM,2275,no,no,no,no,no,no
1501,no,pol,2275-TM-21,TM,2275,no,no,no,no,no,no
1502,no,pol,2275-TM-22,TM,2275,no,no,no,no,no,no
1503,no,pol,2275-TM-23,TM,2275,no,no,no,no,no,no
1504,no,pol,2275-TM-24,TM,2275,no,no,no,no,no,no
1505,no,pol,2275-TM-25,TM,2275,no,no,no,no,no,no
1506,no,pol,2275-TM-26,TM,2275,no,no,no,no,no,no
1507,no,pol,2275-TM-27,TM,2275,no,no,no,no,no,no
1508,no,pol,2275-TM-28,TM,2275,no,no,no,no,no,no
1509,no,pol,2275-TM-29,TM,2275,no,no,no,no,no,no
1510,no,pol,2275-TM-30,TM,2275,no,no,no,no,no,no
1511,no,pol,2275-TM-31,TM,2275,no,no,no,no,no,no
1512,no,pol,2275-TM-32,TM,2275,no,no,no,no,no,no
1513,no,pol,2275-TM-33,TM,2275,no,no,no,no,no,no
1514,no,pol,2275-TM-4,TM,2275,no,no,no,no,no,no
1515,no,pol,2278-PBCM-1,PBCM,2278,no,no,no,no,no,no
1516,no,pol,2278-PBCM-2,PBCM,2278,no,no,no,no,no,no
1517,no,pol,2278-PBCM-3,PBCM,2278,no,no,no,no,no,no
1518,no,pol,2278-PBCM-4,PBCM,2278,no,no,no,no,no,no
1519,no,pol,2278-PBCM-5,PBCM,2278,no,no,no,no,no,no
1520,no,pol,2278-PBCM-6,PBCM,2278,no,no,no,no,no,no
1521,no,pol,2278-PBCM-7,PBCM,2278,no,no,no,no,no,no
1522,no,pol,2278-PBCM-8,PBCM,2278,no,no,no,no,no,no
1523,no,pol,2278-PBCM-9,PBCM,2278,no,no,no,no,no,no
1524,no,pol,2278-PBCM-10,PBCM,2278,no,no,no,no,no,no
1525,no,pol,2278-PBCM-11,PBCM,2278,no,no,no,no,no,no
1526,no,pol,2278-PBCM-12,PBCM,2278,no,no,no,no,no,no
1527,no,pol,2278-PBCM-13,PBCM,2278,no,no,no,no,no,no
1528,no,pol,2278-PBCM-14,PBCM,2278,no,no,no,no,no,no
1529,no,pol,2278-PBCM-15,PBCM,2278,no,no,no,no,no,no
1530,no,pol,2278-PBCM-17,PBCM,2278,no,no,no,no,no,no
1531,no,pol,2278-PBCM-18,PBCM,2278,no,no,no,no,no,no
1532,no,pol,2278-PBCM-20,PBCM,2278,no,no,no,no,no,no
1533,no,pol,2278-PBCM-21,PBCM,2278,no,no,no,no,no,no
1534,no,pol,2278-PBCM-22,PBCM,2278,no,no,no,no,no,no
1535,no,pol,2278-PBCM-23,PBCM,2278,no,no,no,no,no,no
1536,no,pol,2278-PBCM-24,PBCM,2278,no,no,no,no,no,no
1537,no,pol,2278-PBCM-25,PBCM,2278,no,no,no,no,no,no
1538,no,pol,2278-PBCM-26,PBCM,2278,no,no,no,no,no,no
1539,no,pol,2278-PBCM-27,PBCM,2278,no,no,no,no,no,no
1540,no,pol,2278-PBCM-28,PBCM,2278,no,no,no,no,no,no
1541,no,pol,2278-PBCM-29,PBCM,2278,no,no,no,no,no,no
1542,no,pol,2278-PBCM-30,PBCM,2278,no,no,no,no,no,no
1543,no,pol,2278-PBCM-31,PBCM,2278,no,no,no,no,no,no
1544,no,pol,2278-PBCM-32,PBCM,2278,no,no,no,no,no,no
1545,no,pol,2278-PBCM-33,PBCM,2278,no,no,no,no,no,no
1546,no,pol,2278-PBCM-34,PBCM,2278,no,no,no,no,no,no
1547,no,pol,2278-PBCM-35,PBCM,2278,no,no,no,no,no,no
1548,no,pol,2278-PBCM-36,PBCM,2278,no,no,no,no,no,no
1549,no,pol,2278-PBCM-37,PBCM,2278,no,no,no,no,no,no
1550,no,pol,2278-PBCM-38,PBCM,2278,no,no,no,no,no,no
1551,no,pol,2278-PBCM-39,PBCM,2278,no,no,no,no,no,no
1552,no,pol,2278-PBCM-40,PBCM,2278,no,no,no,no,no,no
1553,no,pol,2278-PBCM-42,PBCM,2278,no,no,no,no,no,no
1554,no,pol,2278-PBCM-43,PBCM,2278,no,no,no,no,no,no
1555,no,pol,2278-PBCM-45,PBCM,2278,no,no,no,no,no,no
1556,no,pol,2278-PBCM-46,PBCM,2278,no,no,no,no,no,no
1557,no,pol,2278-PBEM-2,PBEM,2278,no,no,no,no,no,no
1558,no,pol,2278-PBEM-3,PBEM,2278,no,no,no,no,no,no
1559,no,pol,2278-PBEM-4,PBEM,2278,no,no,no,no,no,no
1560,no,pol,2278-PBEM-5,PBEM,2278,no,no,no,no,no,no
1561,no,pol,2278-PBEM-7,PBEM,2278,no,no,no,no,no,no
1562,no,pol,2278-PBEM-8,PBEM,2278,no,no,no,no,no,no
1563,no,pol,2278-PBEM-9,PBEM,2278,no,no,no,no,no,no
1564,no,pol,2278-PBEM-13,PBEM,2278,no,no,no,no,no,no
1565,no,pol,2278-PBEM-14,PBEM,2278,no,no,no,no,no,no
1566,no,pol,2278-PBEM-15,PBEM,2278,no,no,no,no,no,no
1567,no,pol,2278-PBEM-17,PBEM,2278,no,no,no,no,no,no
1568,no,pol,2278-PBEM-18,PBEM,2278,no,no,no,no,no,no
1569,no,pol,2278-PBEM-20,PBEM,2278,no,no,no,no,no,no
1570,no,pol,2278-PBEM-21,PBEM,2278,no,no,no,no,no,no
1571,no,pol,2278-PBEM-22,PBEM,2278,no,no,no,no,no,no
1572,no,pol,2278-PBEM-24,PBEM,2278,no,no,no,no,no,no
1573,no,pol,2278-PBEM-25,PBEM,2278,no,no,no,no,no,no
1574,no,pol,2278-PBEM-28,PBEM,2278,no,no,no,no,no,no
1575,no,pol,2278-PBEM-31,PBEM,2278,no,no,no,no,no,no
1576,no,pol,2278-PBEM-32,PBEM,2278,no,no,no,no,no,no
1577,no,pol,2278-PBEM-33,PBEM,2278,no,no,no,no,no,no
1578,no,pol,2278-PBEM-34,PBEM,2278,no,no,no,no,no,no
1579,no,pol,2278-PBEM-36,PBEM,2278,no,no,no,no,no,no
1580,no,pol,2278-PBEM-38,PBEM,2278,no,no,no,no,no,no
1581,no,pol,2278-PBEM-39,PBEM,2278,no,no,no,no,no,no
1582,no,pol,2278-PBNV-8,PBNV,2278,no,no,no,no,no,no
1583,no,pol,2278-PBNV-10,PBNV,2278,no,no,no,no,no,no
1584,no,pol,2278-PBNV-12,PBNV,2278,no,no,no,no,no,no
1585,no,pol,2278-PBNV-15,PBNV,2278,no,no,no,no,no,no
1586,no,pol,2278-PBNV-16,PBNV,2278,no,no,no,no,no,no
1587,no,pol,2278-PBNV-22,PBNV,2278,no,no,no,no,no,no
1588,no,pol,2278-PBNV-27,PBNV,2278,no,no,no,no,no,no
1589,no,pol,2278-PBNV-28,PBNV,2278,no,no,no,no,no,no
1590,no,pol,2278-PBTM-2,PBTM,2278,no,no,no,no,no,no
1591,no,pol,2278-PBTM-3,PBTM,2278,no,no,no,no,no,no
1592,no,pol,2278-PBTM-4,PBTM,2278,no,no,no,no,no,no
1593,no,pol,2278-PBTM-5,PBTM,2278,no,no,no,no,no,no
1594,no,pol,2278-PBTM-6,PBTM,2278,no,no,no,no,no,no
1595,no,pol,2278-PBTM-8,PBTM,2278,no,no,no,no,no,no
1596,no,pol,2278-PBTM-11,PBTM,2278,no,no,no,no,no,no
1597,no,pol,2278-PBTM-12,PBTM,2278,no,no,no,no,no,no
1598,no,pol,2278-PBTM-13,PBTM,2278,no,no,no,no,no,no
1599,no,pol,2278-PBTM-14,PBTM,2278,no,no,no,no,no,no
1600,no,pol,2278-PBTM-15,PBTM,2278,no,no,no,no,no,no
1601,no,pol,2278-PBTM-16,PBTM,2278,no,no,no,no,no,no
1602,no,pol,2278-PBTM-17,PBTM,2278,no,no,no,no,no,no
1603,no,pol,2278-PBTM-19,PBTM,2278,no,no,no,no,no,no
1604,no,pol,2278-PBTM-21,PBTM,2278,no,no,no,no,no,no
1605,no,pol,2278-PBTM-23,PBTM,2278,no,no,no,no,no,no
1606,no,pol,2278-PBTM-24,PBTM,2278,no,no,no,no,no,no
1607,no,pol,2278-PBTM-25,PBTM,2278,no,no,no,no,no,no
1608,no,pol,2278-PBTM-26,PBTM,2278,no,no,no,no,no,no
1609,no,pol,2278-PBTM-27,PBTM,2278,no,no,no,no,no,no
1610,no,pol,2278-PBTM-28,PBTM,2278,no,no,no,no,no,no
1611,no,pol,2278-PBTM-29,PBTM,2278,no,no,no,no,no,no
1612,no,pol,2278-PBTM-30,PBTM,2278,no,no,no,no,no,no
1613,no,pol,2278-PBTM-32,PBTM,2278,no,no,no,no,no,no
1614,no,pol,2278-PBTM-33,PBTM,2278,no,no,no,no,no,no
1615,no,pol,2278-PBTM-34,PBTM,2278,no,no,no,no,no,no
1616,no,pol,2286-17-N-10,N,2286,no,no,no,no,no,no
1617,no,pol,2286-17-N-14,N,2286,no,no,no,no,no,no
1618,no,pol,2286-17-N-18,N,2286,no,no,no,no,no,no
1619,no,pol,2286-17-N-19,N,2286,no,no,no,no,no,no
1620,no,pol,2286-17-N-2,N,2286,no,no,no,no,no,no
1621,no,pol,2286-17-N-23,N,2286,no,no,no,no,no,no
1622,no,pol,2286-17-N-25,N,2286,no,no,no,no,no,no
1623,no,pol,2286-17-N-27,N,2286,no,no,no,no,no,no
1624,no,pol,2286-17-N-29,N,2286,no,no,no,no,no,no
1625,no,pol,2286-17-N-3,N,2286,no,no,no,no,no,no
1626,no,pol,2286-17-N-30,N,2286,no,no,no,no,no,no
1627,no,pol,2286-17-N-32,N,2286,no,no,no,no,no,no
1628,no,pol,2286-17-N-6,N,2286,no,no,no,no,no,no
1629,no,pol,2286-17-N-7,N,2286,no,no,no,no,no,no
1630,no,pol,2286-17-N-8,N,2286,no,no,no,no,no,no
1631,no,pol,2286-CMDRn-1,CMDRn,2286,no,no,no,no,no,no
1632,no,pol,2286-CMDRn-10,CMDRn,2286,no,no,no,no,no,no
1633,no,pol,2286-CMDRn-11,CMDRn,2286,no,no,no,no,no,no
1634,no,pol,2286-CMDRn-14,CMDRn,2286,no,no,no,no,no,no
1635,no,pol,2286-CMDRn-15,CMDRn,2286,no,no,no,no,no,no
1636,no,pol,2286-CMDRn-16,CMDRn,2286,no,no,no,no,no,no
1637,no,pol,2286-CMDRn-18,CMDRn,2286,no,no,no,no,no,no
1638,no,pol,2286-CMDRn-19,CMDRn,2286,no,no,no,no,no,no
1639,no,pol,2286-CMDRn-2,CMDRn,2286,no,no,no,no,no,no
1640,no,pol,2286-CMDRn-20,CMDRn,2286,no,no,no,no,no,no
1641,no,pol,2286-CMDRn-21,CMDRn,2286,no,no,no,no,no,no
1642,no,pol,2286-CMDRn-23,CMDRn,2286,no,no,no,no,no,no
1643,no,pol,2286-CMDRn-25,CMDRn,2286,no,no,no,no,no,no
1644,no,pol,2286-CMDRn-26,CMDRn,2286,no,no,no,no,no,no
1645,no,pol,2286-CMDRn-27,CMDRn,2286,no,no,no,no,no,no
1646,no,pol,2286-CMDRn-28,CMDRn,2286,no,no,no,no,no,no
1647,no,pol,2286-CMDRn-29,CMDRn,2286,no,no,no,no,no,no
1648,no,pol,2286-CMDRn-3,CMDRn,2286,no,no,no,no,no,no
1649,no,pol,2286-CMDRn-30,CMDRn,2286,no,no,no,no,no,no
1650,no,pol,2286-CMDRn-31,CMDRn,2286,no,no,no,no,no,no
1651,no,pol,2286-CMDRn-32,CMDRn,2286,no,no,no,no,no,no
1652,no,pol,2286-CMDRn-34,CMDRn,2286,no,no,no,no,no,no
1653,no,pol,2286-CMDRn-36,CMDRn,2286,no,no,no,no,no,no
1654,no,pol,2286-CMDRn-37,CMDRn,2286,no,no,no,no,no,no
1655,no,pol,2286-CMDRn-38,CMDRn,2286,no,no,no,no,no,no
1656,no,pol,2286-CMDRn-39,CMDRn,2286,no,no,no,no,no,no
1657,no,pol,2286-CMDRn-4,CMDRn,2286,no,no,no,no,no,no
1658,no,pol,2286-CMDRn-5,CMDRn,2286,no,no,no,no,no,no
1659,no,pol,2286-CMDRn-7,CMDRn,2286,no,no,no,no,no,no
1660,no,pol,2286-CMDRn-8,CMDRn,2286,no,no,no,no,no,no
1661,no,pol,2286-CMDRn-9,CMDRn,2286,no,no,no,no,no,no
1662,no,pol,2286-CMDRp-1,CMDRp,2286,no,no,no,no,no,no
1663,no,pol,2286-CMDRp-12,CMDRp,2286,no,no,no,no,no,no
1664,no,pol,2286-CMDRp-13,CMDRp,2286,no,no,no,no,no,no
1665,no,pol,2286-CMDRp-14,CMDRp,2286,no,no,no,no,no,no
1666,no,pol,2286-CMDRp-15,CMDRp,2286,no,no,no,no,no,no
1667,no,pol,2286-CMDRp-16,CMDRp,2286,no,no,no,no,no,no
1668,no,pol,2286-CMDRp-17,CMDRp,2286,no,no,no,no,no,no
1669,no,pol,2286-CMDRp-18,CMDRp,2286,no,no,no,no,no,no
1670,no,pol,2286-CMDRp-19,CMDRp,2286,no,no,no,no,no,no
1671,no,pol,2286-CMDRp-2,CMDRp,2286,no,no,no,no,no,no
1672,no,pol,2286-CMDRp-20,CMDRp,2286,no,no,no,no,no,no
1673,no,pol,2286-CMDRp-21,CMDRp,2286,no,no,no,no,no,no
1674,no,pol,2286-CMDRp-22,CMDRp,2286,no,no,no,no,no,no
1675,no,pol,2286-CMDRp-23,CMDRp,2286,no,no,no,no,no,no
1676,no,pol,2286-CMDRp-24,CMDRp,2286,no,no,no,no,no,no
1677,no,pol,2286-CMDRp-25,CMDRp,2286,no,no,no,no,no,no
1678,no,pol,2286-CMDRp-26,CMDRp,2286,no,no,no,no,no,no
1679,no,pol,2286-CMDRp-27,CMDRp,2286,no,no,no,no,no,no
1680,no,pol,2286-CMDRp-28,CMDRp,2286,no,no,no,no,no,no
1681,no,pol,2286-CMDRp-29,CMDRp,2286,no,no,no,no,no,no
1682,no,pol,2286-CMDRp-3,CMDRp,2286,no,no,no,no,no,no
1683,no,pol,2286-CMDRp-30,CMDRp,2286,no,no,no,no,no,no
1684,no,pol,2286-CMDRp-4,CMDRp,2286,no,no,no,no,no,no
1685,no,pol,2286-CMDRp-5,CMDRp,2286,no,no,no,no,no,no
1686,no,pol,2286-CMDRp-8,CMDRp,2286,no,no,no,no,no,no
1687,no,pol,2286-CMDRp-9,CMDRp,2286,no,no,no,no,no,no
1688,no,pol,2286-EMDRn-1,EMDRn,2286,no,no,no,no,no,no
1689,no,pol,2286-EMDRn-10,EMDRn,2286,no,no,no,no,no,no
1690,no,pol,2286-EMDRn-11,EMDRn,2286,no,no,no,no,no,no
1691,no,pol,2286-EMDRn-14,EMDRn,2286,no,no,no,no,no,no
1692,no,pol,2286-EMDRn-15,EMDRn,2286,no,no,no,no,no,no
1693,no,pol,2286-EMDRn-18,EMDRn,2286,no,no,no,no,no,no
1694,no,pol,2286-EMDRn-2,EMDRn,2286,no,no,no,no,no,no
1695,no,pol,2286-EMDRn-21,EMDRn,2286,no,no,no,no,no,no
1696,no,pol,2286-EMDRn-22,EMDRn,2286,no,no,no,no,no,no
1697,no,pol,2286-EMDRn-23,EMDRn,2286,no,no,no,no,no,no
1698,no,pol,2286-EMDRn-24,EMDRn,2286,no,no,no,no,no,no
1699,no,pol,2286-EMDRn-27,EMDRn,2286,no,no,no,no,no,no
1700,no,pol,2286-EMDRn-28,EMDRn,2286,no,no,no,no,no,no
1701,no,pol,2286-EMDRn-29,EMDRn,2286,no,no,no,no,no,no
1702,no,pol,2286-EMDRn-34,EMDRn,2286,no,no,no,no,no,no
1703,no,pol,2286-EMDRn-35,EMDRn,2286,no,no,no,no,no,no
1704,no,pol,2286-EMDRn-36,EMDRn,2286,no,no,no,no,no,no
1705,no,pol,2286-EMDRn-5,EMDRn,2286,no,no,no,no,no,no
1706,no,pol,2286-EMDRn-7,EMDRn,2286,no,no,no,no,no,no
1707,no,pol,2286-EMDRn-8,EMDRn,2286,no,no,no,no,no,no
1708,no,pol,2286-EMDRn-9,EMDRn,2286,no,no,no,no,no,no
1709,no,pol,2286-EMDRp-1,EMDRp,2286,no,no,no,no,no,no
1710,no,pol,2286-EMDRp-10,EMDRp,2286,no,no,no,no,no,no
1711,no,pol,2286-EMDRp-11,EMDRp,2286,no,no,no,no,no,no
1712,no,pol,2286-EMDRp-12,EMDRp,2286,no,no,no,no,no,no
1713,no,pol,2286-EMDRp-13,EMDRp,2286,no,no,no,no,no,no
1714,no,pol,2286-EMDRp-14,EMDRp,2286,no,no,no,no,no,no
1715,no,pol,2286-EMDRp-15,EMDRp,2286,no,no,no,no,no,no
1716,no,pol,2286-EMDRp-18,EMDRp,2286,no,no,no,no,no,no
1717,no,pol,2286-EMDRp-19,EMDRp,2286,no,no,no,no,no,no
1718,no,pol,2286-EMDRp-20,EMDRp,2286,no,no,no,no,no,no
1719,no,pol,2286-EMDRp-22,EMDRp,2286,no,no,no,no,no,no
1720,no,pol,2286-EMDRp-23,EMDRp,2286,no,no,no,no,no,no
1721,no,pol,2286-EMDRp-25,EMDRp,2286,no,no,no,no,no,no
1722,no,pol,2286-EMDRp-26,EMDRp,2286,no,no,no,no,no,no
1723,no,pol,2286-EMDRp-27,EMDRp,2286,no,no,no,no,no,no
1724,no,pol,2286-EMDRp-28,EMDRp,2286,no,no,no,no,no,no
1725,no,pol,2286-EMDRp-29,EMDRp,2286,no,no,no,no,no,no
1726,no,pol,2286-EMDRp-3,EMDRp,2286,no,no,no,no,no,no
1727,no,pol,2286-EMDRp-32,EMDRp,2286,no,no,no,no,no,no
1728,no,pol,2286-EMDRp-33,EMDRp,2286,no,no,no,no,no,no
1729,no,pol,2286-EMDRp-34,EMDRp,2286,no,no,no,no,no,no
1730,no,pol,2286-EMDRp-5,EMDRp,2286,no,no,no,no,no,no
1731,no,pol,2286-EMDRp-6,EMDRp,2286,no,no,no,no,no,no
1732,no,pol,2286-EMDRp-7,EMDRp,2286,no,no,no,no,no,no
1733,no,pol,2286-EMDRp-9,EMDRp,2286,no,no,no,no,no,no
1734,no,pol,2286-TMDRn-1,TMDRn,2286,no,no,no,no,no,no
1735,no,pol,2286-TMDRn-10,TMDRn,2286,no,no,no,no,no,no
1736,no,pol,2286-TMDRn-12,TMDRn,2286,no,no,no,no,no,no
1737,no,pol,2286-TMDRn-14,TMDRn,2286,no,no,no,no,no,no
1738,no,pol,2286-TMDRn-16,TMDRn,2286,no,no,no,no,no,no
1739,no,pol,2286-TMDRn-18,TMDRn,2286,no,no,no,no,no,no
1740,no,pol,2286-TMDRn-19,TMDRn,2286,no,no,no,no,no,no
1741,no,pol,2286-TMDRn-2,TMDRn,2286,no,no,no,no,no,no
1742,no,pol,2286-TMDRn-21,TMDRn,2286,no,no,no,no,no,no
1743,no,pol,2286-TMDRn-22,TMDRn,2286,no,no,no,no,no,no
1744,no,pol,2286-TMDRn-23,TMDRn,2286,no,no,no,no,no,no
1745,no,pol,2286-TMDRn-25,TMDRn,2286,no,no,no,no,no,no
1746,no,pol,2286-TMDRn-26,TMDRn,2286,no,no,no,no,no,no
1747,no,pol,2286-TMDRn-27,TMDRn,2286,no,no,no,no,no,no
1748,no,pol,2286-TMDRn-28,TMDRn,2286,no,no,no,no,no,no
1749,no,pol,2286-TMDRn-29,TMDRn,2286,no,no,no,no,no,no
1750,no,pol,2286-TMDRn-3,TMDRn,2286,no,no,no,no,no,no
1751,no,pol,2286-TMDRn-31,TMDRn,2286,no,no,no,no,no,no
1752,no,pol,2286-TMDRn-32,TMDRn,2286,no,no,no,no,no,no
1753,no,pol,2286-TMDRn-34,TMDRn,2286,no,no,no,no,no,no
1754,no,pol,2286-TMDRn-35,TMDRn,2286,no,no,no,no,no,no
1755,no,pol,2286-TMDRn-36,TMDRn,2286,no,no,no,no,no,no
1756,no,pol,2286-TMDRn-37,TMDRn,2286,no,no,no,no,no,no
1757,no,pol,2286-TMDRn-38,TMDRn,2286,no,no,no,no,no,no
1758,no,pol,2286-TMDRn-4,TMDRn,2286,no,no,no,no,no,no
1759,no,pol,2286-TMDRn-5,TMDRn,2286,no,no,no,no,no,no
1760,no,pol,2286-TMDRn-6,TMDRn,2286,no,no,no,no,no,no
1761,no,pol,2286-TMDRn-7,TMDRn,2286,no,no,no,no,no,no
1762,no,pol,2286-TMDRn-8,TMDRn,2286,no,no,no,no,no,no
1763,no,pol,2286-TMDRn-9,TMDRn,2286,no,no,no,no,no,no
1764,no,pol,2286-TMDRp-1,TMDRp,2286,no,no,no,no,no,no
1765,no,pol,2286-TMDRp-10,TMDRp,2286,no,no,no,no,no,no
1766,no,pol,2286-TMDRp-11,TMDRp,2286,no,no,no,no,no,no
1767,no,pol,2286-TMDRp-12,TMDRp,2286,no,no,no,no,no,no
1768,no,pol,2286-TMDRp-13,TMDRp,2286,no,no,no,no,no,no
1769,no,pol,2286-TMDRp-14,TMDRp,2286,no,no,no,no,no,no
1770,no,pol,2286-TMDRp-15,TMDRp,2286,no,no,no,no,no,no
1771,no,pol,2286-TMDRp-16,TMDRp,2286,no,no,no,no,no,no
1772,no,pol,2286-TMDRp-17,TMDRp,2286,no,no,no,no,no,no
1773,no,pol,2286-TMDRp-18,TMDRp,2286,no,no,no,no,no,no
1774,no,pol,2286-TMDRp-19,TMDRp,2286,no,no,no,no,no,no
1775,no,pol,2286-TMDRp-2,TMDRp,2286,no,no,no,no,no,no
1776,no,pol,2286-TMDRp-20,TMDRp,2286,no,no,no,no,no,no
1777,no,pol,2286-TMDRp-21,TMDRp,2286,no,no,no,no,no,no
1778,no,pol,2286-TMDRp-22,TMDRp,2286,no,no,no,no,no,no
1779,no,pol,2286-TMDRp-23,TMDRp,2286,no,no,no,no,no,no
1780,no,pol,2286-TMDRp-24,TMDRp,2286,no,no,no,no,no,no
1781,no,pol,2286-TMDRp-25,TMDRp,2286,no,no,no,no,no,no
1782,no,pol,2286-TMDRp-4,TMDRp,2286,no,no,no,no,no,no
1783,no,pol,2286-TMDRp-5,TMDRp,2286,no,no,no,no,no,no
1784,no,pol,2286-TMDRp-6,TMDRp,2286,no,no,no,no,no,no
1785,no,pol,2286-TMDRp-7,TMDRp,2286,no,no,no,no,no,no
1786,no,pol,2286-TMDRp-8,TMDRp,2286,no,no,no,no,no,no
1787,no,pol,2286-PBCM-10,PBCM,2286,no,no,no,no,no,no
1788,no,pol,2286-PBCM-12,PBCM,2286,no,no,no,no,no,no
1789,no,pol,2286-PBCM-13,PBCM,2286,no,no,no,no,no,no
